-- phpMyAdmin SQL Dump
-- version 3.5.2.2
-- http://www.phpmyadmin.net
--
-- Host: 127.0.0.1
-- Generation Time: Sep 26, 2013 at 01:13 PM
-- Server version: 5.5.27
-- PHP Version: 5.4.7

SET SQL_MODE="NO_AUTO_VALUE_ON_ZERO";
SET time_zone = "+00:00";


/*!40101 SET @OLD_CHARACTER_SET_CLIENT=@@CHARACTER_SET_CLIENT */;
/*!40101 SET @OLD_CHARACTER_SET_RESULTS=@@CHARACTER_SET_RESULTS */;
/*!40101 SET @OLD_COLLATION_CONNECTION=@@COLLATION_CONNECTION */;
/*!40101 SET NAMES utf8 */;

--
-- Database: `careers`
--

-- --------------------------------------------------------

--
-- Table structure for table `object_types`
--

CREATE TABLE IF NOT EXISTS `object_types` (
  `id` int(11) NOT NULL AUTO_INCREMENT,
  `object_type_name` varchar(100) NOT NULL,
  `display_name` varchar(100) NOT NULL,
  `user_flag` int(1) NOT NULL,
  PRIMARY KEY (`id`)
) ENGINE=InnoDB  DEFAULT CHARSET=latin1 AUTO_INCREMENT=6 ;

--
-- Dumping data for table `object_types`
--

INSERT INTO `object_types` (`id`, `object_type_name`, `display_name`, `user_flag`) VALUES
(1, 'skill', 'Skill', 0),
(2, 'student', 'Student', 1),
(3, 'admin', 'Administrator', 1),
(4, 'company', 'Company', 0),
(5, 'company_user', 'Company User', 1);

-- --------------------------------------------------------

--
-- Table structure for table `obj_companies`
--

CREATE TABLE IF NOT EXISTS `obj_companies` (
  `id` int(11) NOT NULL AUTO_INCREMENT,
  `name` varchar(255) NOT NULL,
  `verified_flag` int(1) NOT NULL,
  PRIMARY KEY (`id`)
) ENGINE=InnoDB  DEFAULT CHARSET=latin1 AUTO_INCREMENT=9 ;

--
-- Dumping data for table `obj_companies`
--

INSERT INTO `obj_companies` (`id`, `name`, `verified_flag`) VALUES
(1, 'Millennium IT', 0),
(2, 'Virtusa Corp.', 1),
(3, 'Cambio Healthcare Systems', 0),
(4, 'ThinkCube (Pvt) Ltd.', 0),
(5, 'SimCentric Technologies', 0),
(6, 'TNL Radio Networks (Pvt) Ltd.', 0),
(7, 'HSBC DPL (Pvt.) Ltd.', 0),
(8, 'British Council', 0);

-- --------------------------------------------------------

--
-- Table structure for table `obj_degree_programs`
--

CREATE TABLE IF NOT EXISTS `obj_degree_programs` (
  `id` int(11) NOT NULL AUTO_INCREMENT,
  `name` varchar(255) NOT NULL,
  `display_name` varchar(255) NOT NULL,
  `duration` int(1) NOT NULL,
  PRIMARY KEY (`id`)
) ENGINE=InnoDB  DEFAULT CHARSET=latin1 AUTO_INCREMENT=10 ;

--
-- Dumping data for table `obj_degree_programs`
--

INSERT INTO `obj_degree_programs` (`id`, `name`, `display_name`, `duration`) VALUES
(1, 'BScCS', 'Bachelor of Science (CS)', 4),
(2, 'BScICT', 'Bachelor of Science (ICT)', 4),
(3, 'BCSc', 'Bachelor of Computer Science', 3),
(4, 'BICT', 'Bachelor of Information and Communication Technology', 3),
(5, 'BCS', 'Bachelor of Computer Science', 3),
(6, 'BScCS', 'Bachelor of Science (Computer Science)', 4),
(7, 'BScSE', 'Bachelor of Science (Software Engineering)', 4),
(8, 'BIS', 'Bachelor of Information Systems', 3),
(9, 'BScISE', 'Bachelor of Science (Information Systems Engineering)', 4);

-- --------------------------------------------------------

--
-- Table structure for table `obj_edu_quals`
--

CREATE TABLE IF NOT EXISTS `obj_edu_quals` (
  `id` int(11) NOT NULL AUTO_INCREMENT,
  `name` varchar(255) NOT NULL,
  PRIMARY KEY (`id`)
) ENGINE=InnoDB  DEFAULT CHARSET=latin1 AUTO_INCREMENT=4 ;

--
-- Dumping data for table `obj_edu_quals`
--

INSERT INTO `obj_edu_quals` (`id`, `name`) VALUES
(1, 'G. C. E. Advanced Level'),
(2, 'G. C. E. Ordinary Level'),
(3, 'Grade 5 Scholarship Exam');

-- --------------------------------------------------------

--
-- Table structure for table `obj_months`
--

CREATE TABLE IF NOT EXISTS `obj_months` (
  `id` int(11) NOT NULL AUTO_INCREMENT,
  `name` varchar(255) NOT NULL,
  PRIMARY KEY (`id`)
) ENGINE=InnoDB  DEFAULT CHARSET=latin1 AUTO_INCREMENT=13 ;

--
-- Dumping data for table `obj_months`
--

INSERT INTO `obj_months` (`id`, `name`) VALUES
(1, 'January'),
(2, 'February'),
(3, 'March'),
(4, 'April'),
(5, 'May'),
(6, 'June'),
(7, 'July'),
(8, 'August'),
(9, 'September'),
(10, 'October'),
(11, 'November'),
(12, 'December');

-- --------------------------------------------------------

--
-- Table structure for table `obj_papers`
--

CREATE TABLE IF NOT EXISTS `obj_papers` (
  `id` int(11) NOT NULL AUTO_INCREMENT,
  `title` text NOT NULL,
  `year` int(11) NOT NULL,
  `authors` text NOT NULL,
  `abstract` text NOT NULL,
  `file_name` varchar(255) NOT NULL,
  PRIMARY KEY (`id`)
) ENGINE=InnoDB  DEFAULT CHARSET=latin1 AUTO_INCREMENT=3 ;

--
-- Dumping data for table `obj_papers`
--

INSERT INTO `obj_papers` (`id`, `title`, `year`, `authors`, `abstract`, `file_name`) VALUES
(1, 'Lorem ipsum dolor sit amet, consectetur adipiscing elit.', 2012, 'Jaldin, A. Smith, J. Doe, J.', 'Integer non leo viverra, scelerisque ipsum sed, malesuada elit. Phasellus fringilla porttitor porta. Aenean adipiscing imperdiet porta. Aenean non elit id leo sodales placerat vitae et felis. Curabitur vel quam lectus. In bibendum molestie fringilla. Vivamus eget nulla in nibh ultricies blandit. Suspendisse tristique pulvinar placerat. Cras aliquet tempor urna id viverra. Ut nisi orci, bibendum nec quam sed, elementum commodo augue.', ''),
(2, 'Integer non leo viverra, scelerisque ipsum sed, malesuada elit.', 2013, 'Amarasinghe, S. Jaldin, A. Perera A.', 'In porta posuere lobortis. Nullam in dolor eros. Curabitur tortor enim, varius ut vehicula ac, ultricies vel quam. Suspendisse potenti. Ut felis odio, tempus in vestibulum non, hendrerit non arcu. In hac habitasse platea dictumst. Praesent adipiscing interdum libero, nec commodo sapien mollis vel. Praesent auctor leo nec iaculis volutpat. Aenean porta nisl vel enim viverra interdum. Aliquam diam leo, rhoncus in molestie aliquet, scelerisque eget lorem. Praesent suscipit tortor quis enim cursus mattis. Ut porta vel lorem sit amet scelerisque. Sed accumsan ut turpis id luctus.', '');

-- --------------------------------------------------------

--
-- Table structure for table `obj_photos`
--

CREATE TABLE IF NOT EXISTS `obj_photos` (
  `id` int(11) NOT NULL AUTO_INCREMENT,
  `related_object_type` int(11) NOT NULL,
  `related_object_id` int(11) NOT NULL,
  `filename` varchar(255) NOT NULL,
  `file_type` varchar(100) NOT NULL,
  `size` varchar(20) NOT NULL,
  PRIMARY KEY (`id`),
  KEY `related_object_type` (`related_object_type`)
) ENGINE=InnoDB  DEFAULT CHARSET=latin1 AUTO_INCREMENT=54 ;

--
-- Dumping data for table `obj_photos`
--

INSERT INTO `obj_photos` (`id`, `related_object_type`, `related_object_id`, `filename`, `file_type`, `size`) VALUES
(1, 3, 1, 'Aftha_jaldin.jpg', 'image/jpeg', ''),
(2, 3, 2, 'Aftha_Jaldin.jpg', 'image/jpeg', ''),
(3, 2, 3, 'Aruni_Bandara.jpg', 'image/jpeg', ''),
(4, 2, 4, 'Aftha_Jaldin.jpg', 'image/jpeg', ''),
(5, 2, 5, 'Banu_Liyanapathirana.jpg', 'image/jpeg', ''),
(6, 2, 6, 'Buddhi_De_Silva.jpg', 'image/jpeg', ''),
(7, 2, 7, 'Chamali_Waduge.jpg', 'image/jpeg', ''),
(8, 2, 8, 'Chandima_Fernando.jpg', 'image/jpeg', ''),
(10, 2, 10, 'Chathurika_Lakmali.jpg', 'image/jpeg', ''),
(12, 2, 12, 'Dayan_Kulatunga.jpg', 'image/jpeg', ''),
(13, 2, 13, 'Dilini_Madushika.jpg', 'image/jpeg', ''),
(14, 2, 14, 'Dilini_Muthumala.jpg', 'image/jpeg', ''),
(16, 2, 16, 'Hashan_Silva.jpg', 'image/jpeg', ''),
(17, 2, 17, 'Ifancy_Ariaratnam.jpg', 'image/jpeg', ''),
(18, 2, 18, 'Janitha_Karunawallabha.jpg', 'image/jpeg', ''),
(19, 2, 19, 'Jinadi_Dahanayaka.jpg', 'image/jpeg', ''),
(20, 2, 20, 'Lakkhana_Mallikarachchi.jpg', 'image/jpeg', ''),
(21, 2, 21, 'Madhawa_Bandara.jpg', 'image/jpeg', ''),
(22, 2, 22, 'Madhawa_Gunasekara.jpg', 'image/jpeg', ''),
(23, 2, 23, 'Madhujith_Kariyapperuma.jpg', 'image/jpeg', ''),
(24, 2, 24, 'Madusanka_Balasooriya.jpg', 'image/jpeg', ''),
(25, 2, 25, 'Malinga_Alwis.jpg', 'image/jpeg', ''),
(26, 2, 26, 'Mihan_Liyanage.jpg', 'image/jpeg', ''),
(27, 2, 27, 'Milani_Athapattu.jpg', 'image/jpeg', ''),
(30, 2, 30, 'Nelka_Perera.jpg', 'image/jpeg', ''),
(31, 2, 31, 'Niluka_Thilakarathna.jpg', 'image/jpeg', ''),
(32, 2, 32, 'Nipun_De_Silva.jpg', 'image/jpeg', ''),
(33, 2, 33, 'Nisansala_Liyanage.jpg', 'image/jpeg', ''),
(34, 2, 34, 'Nuwan_Chathuranga.jpg', 'image/jpeg', ''),
(35, 2, 35, 'Pabitha_Teldeniya.jpg', 'image/jpeg', ''),
(36, 2, 36, 'Pankajan_Chanthirasegaran.jpg', 'image/jpeg', ''),
(37, 2, 37, 'Pasan_De_Silva.jpg', 'image/jpeg', ''),
(38, 2, 38, 'Pubudu_Sandaruwani.jpg', 'image/jpeg', ''),
(40, 2, 40, 'Sachith_Senevirathna.jpg', 'image/jpeg', ''),
(41, 2, 41, 'Sahan_Udana.jpg', 'image/jpeg', ''),
(42, 2, 42, 'Sandunika_Wijerathne.jpg', 'image/jpeg', ''),
(43, 2, 43, 'Sanjaya_Amarasinghe.jpg', 'image/jpeg', ''),
(44, 2, 44, 'Sashika_Rangoda.jpg', 'image/jpeg', ''),
(45, 2, 45, 'Sashika_Wijesinghe.jpg', 'image/jpeg', ''),
(46, 2, 46, 'Shyama_Chandani.jpg', 'image/jpeg', ''),
(47, 2, 47, 'Sumeda_Viduranga.jpg', 'image/jpeg', ''),
(48, 2, 48, 'Suranga_Guawardhana.jpg', 'image/jpeg', ''),
(49, 2, 49, 'Tharindu_Gunasekara.jpg', 'image/jpeg', ''),
(51, 2, 51, 'Vajisha_Wanniarachchi.jpg', 'image/jpeg', ''),
(52, 2, 52, 'Vinod_Kavinda.jpg', 'image/jpeg', ''),
(53, 2, 53, 'Yasasri_Sampath.jpg', 'image/jpeg', '');

-- --------------------------------------------------------

--
-- Table structure for table `obj_prof_institutions`
--

CREATE TABLE IF NOT EXISTS `obj_prof_institutions` (
  `id` int(11) NOT NULL AUTO_INCREMENT,
  `prof_institution_name` varchar(255) NOT NULL,
  `location` varchar(255) NOT NULL,
  PRIMARY KEY (`id`)
) ENGINE=InnoDB  DEFAULT CHARSET=latin1 AUTO_INCREMENT=6 ;

--
-- Dumping data for table `obj_prof_institutions`
--

INSERT INTO `obj_prof_institutions` (`id`, `prof_institution_name`, `location`) VALUES
(1, 'Oracle Inc.', 'USA'),
(2, 'Chartered Institute of Management Accountants', 'UK'),
(3, 'Chartered Accountants of Sri Lanka', 'Colombo'),
(4, 'British Computer Society', 'UK'),
(5, 'Cisco Corp.', 'USA');

-- --------------------------------------------------------

--
-- Table structure for table `obj_prof_quals`
--

CREATE TABLE IF NOT EXISTS `obj_prof_quals` (
  `id` int(11) NOT NULL AUTO_INCREMENT,
  `name` varchar(255) NOT NULL,
  PRIMARY KEY (`id`)
) ENGINE=InnoDB  DEFAULT CHARSET=latin1 AUTO_INCREMENT=6 ;

--
-- Dumping data for table `obj_prof_quals`
--

INSERT INTO `obj_prof_quals` (`id`, `name`) VALUES
(1, 'CIMA'),
(2, 'ACCA'),
(3, 'BCS'),
(4, 'Oracle-Certified Java Programmer'),
(5, 'Cisco-Certified Network Administrator');

-- --------------------------------------------------------

--
-- Table structure for table `obj_schools`
--

CREATE TABLE IF NOT EXISTS `obj_schools` (
  `id` int(11) NOT NULL AUTO_INCREMENT,
  `school_name` varchar(255) NOT NULL,
  `location` varchar(255) NOT NULL,
  PRIMARY KEY (`id`)
) ENGINE=InnoDB  DEFAULT CHARSET=latin1 AUTO_INCREMENT=14 ;

--
-- Dumping data for table `obj_schools`
--

INSERT INTO `obj_schools` (`id`, `school_name`, `location`) VALUES
(1, 'Wesley College', 'Colombo'),
(2, 'Ananda College', 'Colombo'),
(3, 'Royal College', 'Colombo'),
(4, 'St. Thomas'' College', 'Mt. Lavinia'),
(5, 'Dharmasoka College', 'Ambalangoda'),
(6, 'St. Aloysius College', 'Galle'),
(7, 'Holy Family Convent', 'Bambalapitiya'),
(8, 'Devi Balika Vidyalaya', 'Colombo'),
(9, 'Museaus College', 'Colombo'),
(10, 'Bishop''s College', 'Colombo'),
(11, 'Methodist College', 'Colombo'),
(12, 'Dharmaraja College', 'Kandy'),
(13, 'University of Colombo School of Computing', 'Colombo');

-- --------------------------------------------------------

--
-- Table structure for table `obj_skills`
--

CREATE TABLE IF NOT EXISTS `obj_skills` (
  `id` int(11) NOT NULL AUTO_INCREMENT,
  `skill_type` int(11) NOT NULL,
  `skill_name` varchar(255) NOT NULL,
  PRIMARY KEY (`id`),
  KEY `skill_type` (`skill_type`)
) ENGINE=InnoDB  DEFAULT CHARSET=latin1 AUTO_INCREMENT=112 ;

--
-- Dumping data for table `obj_skills`
--

INSERT INTO `obj_skills` (`id`, `skill_type`, `skill_name`) VALUES
(1, 1, 'C'),
(2, 1, 'C++'),
(3, 1, 'C#'),
(4, 1, 'Java'),
(5, 1, 'Javascript'),
(6, 1, 'Perl'),
(7, 1, 'PHP'),
(8, 1, 'Python'),
(9, 1, 'Ruby'),
(10, 1, 'SQL'),
(11, 2, '.NET Framework'),
(12, 2, '3DStudio Max'),
(13, 2, 'Adobe After Effects'),
(14, 2, 'Adobe Fireworks'),
(15, 2, 'Adobe Illustrator'),
(16, 2, 'Adobe Photoshop'),
(17, 2, 'Adobe Premiere Pro'),
(18, 2, 'Ajax'),
(19, 2, 'Android Development'),
(20, 2, 'Apache Hadoop'),
(21, 2, 'Apache Maven'),
(22, 2, 'Apache Server'),
(23, 2, 'Apache Struts'),
(24, 2, 'Apache Subversion'),
(25, 2, 'Apache Tomcat'),
(26, 2, 'Bootstrap'),
(27, 2, 'CSS'),
(28, 2, 'Django Framework'),
(29, 2, 'Drupal'),
(30, 2, 'Git'),
(31, 2, 'Github'),
(32, 2, 'Glassfish'),
(33, 2, 'Gumby'),
(34, 2, 'Hibernate'),
(35, 2, 'HTML'),
(36, 2, 'iOS Development'),
(37, 2, 'JBoss'),
(38, 2, 'Joomla'),
(39, 2, 'JSON'),
(40, 2, 'JSP'),
(41, 2, 'LaTeX'),
(42, 2, 'Maya'),
(43, 2, 'Microsoft Office'),
(44, 2, 'MongoDB'),
(45, 2, 'Moodle'),
(46, 2, 'MySQL'),
(47, 2, 'Oracle'),
(48, 2, 'PostgreSQL'),
(49, 2, 'REST'),
(50, 2, 'Ruby on Rails'),
(51, 2, 'Servlets'),
(52, 2, 'SOAP'),
(53, 2, 'Windows Phone Development'),
(54, 2, 'Wordpress'),
(55, 2, 'XML'),
(56, 3, 'Accountancy'),
(57, 3, 'Augmented Reality'),
(58, 3, 'Bio-Informatics'),
(59, 3, 'Business Analysis'),
(60, 3, 'CMS'),
(61, 3, 'Compilers and Automata Theory'),
(62, 3, 'Computational Pattern Recognition'),
(63, 3, 'Computer Graphics and Image Processing'),
(64, 3, 'Cryptography'),
(65, 3, 'Customer Relationship Management'),
(66, 3, 'Data Structures and Algorithms'),
(67, 3, 'Data-mining'),
(68, 3, 'DBMS'),
(69, 3, 'Distributed Computing'),
(70, 3, 'Economics'),
(71, 3, 'Electronics'),
(72, 3, 'Enterprise Modelling'),
(73, 3, 'Enterprise Resource Planning'),
(74, 3, 'Geographic IS'),
(75, 3, 'Graphic Design'),
(76, 3, 'High Performance Computing'),
(77, 3, 'HR Management'),
(78, 3, 'Human-Computer Interaction'),
(79, 3, 'Instructional Design'),
(80, 3, 'Intelligent Systems'),
(81, 3, 'IS Security and Audit'),
(82, 3, 'IT Procurement'),
(83, 3, 'IT Project Management'),
(84, 3, 'Linux'),
(85, 3, 'Natural Language Processing'),
(86, 3, 'Networking'),
(87, 3, 'Neural Networks and Computing'),
(88, 3, 'Psychology'),
(89, 3, 'Risk management'),
(90, 3, 'Shell Scripting'),
(91, 3, 'Social Media Marketing'),
(92, 3, 'Sociology'),
(93, 3, 'Statistics'),
(94, 3, 'Strategic Management'),
(95, 3, 'Supply Chain Management'),
(96, 3, 'System Administration'),
(97, 3, 'System Analysis and Design'),
(98, 3, 'System Programming'),
(99, 3, 'UML'),
(100, 3, 'Virtual Reality'),
(101, 3, 'Web Develepment'),
(102, 3, 'Web Services'),
(103, 3, 'Wireless Ad-Hoc and Sensor Networks'),
(104, 4, 'Middleware Architectures'),
(105, 4, 'NoSQL'),
(106, 4, 'Object-oriented Programming'),
(107, 4, 'Operating System Concepts'),
(108, 4, 'Research Methods and Concepts'),
(109, 4, 'Software Development Life Cycle'),
(110, 4, 'UI Design'),
(111, 4, 'UX Design');

-- --------------------------------------------------------

--
-- Table structure for table `obj_skill_types`
--

CREATE TABLE IF NOT EXISTS `obj_skill_types` (
  `id` int(11) NOT NULL AUTO_INCREMENT,
  `skill_type_name` varchar(255) NOT NULL,
  PRIMARY KEY (`id`)
) ENGINE=InnoDB  DEFAULT CHARSET=latin1 AUTO_INCREMENT=5 ;

--
-- Dumping data for table `obj_skill_types`
--

INSERT INTO `obj_skill_types` (`id`, `skill_type_name`) VALUES
(1, 'Programming Language'),
(2, 'Technology'),
(3, 'Subject Area'),
(4, 'Concept');

-- --------------------------------------------------------

--
-- Table structure for table `obj_students_companies`
--

CREATE TABLE IF NOT EXISTS `obj_students_companies` (
  `id` int(11) NOT NULL AUTO_INCREMENT,
  `student_id` int(11) NOT NULL,
  `company_id` int(11) NOT NULL,
  `position` varchar(255) NOT NULL,
  `start_month` int(11) NOT NULL,
  `start_year` int(11) NOT NULL,
  `end_month` int(11) NOT NULL,
  `end_year` int(11) NOT NULL,
  PRIMARY KEY (`id`),
  KEY `student_id` (`student_id`),
  KEY `company_id` (`company_id`)
) ENGINE=InnoDB  DEFAULT CHARSET=latin1 AUTO_INCREMENT=10 ;

--
-- Dumping data for table `obj_students_companies`
--

INSERT INTO `obj_students_companies` (`id`, `student_id`, `company_id`, `position`, `start_month`, `start_year`, `end_month`, `end_year`) VALUES
(3, 4, 2, 'Industrial Trainee', 4, 2012, 10, 2012),
(4, 10, 2, 'Industrial Trainee', 4, 2012, 10, 2012),
(5, 13, 1, 'Industrial Trainee', 4, 2012, 9, 2012),
(6, 14, 1, 'Industrial Trainee', 4, 2012, 9, 2012),
(7, 4, 6, 'News Editor/Presenter', 4, 2010, 10, 2011),
(8, 4, 7, 'Customer Service Executive', 11, 2008, 7, 2009),
(9, 4, 8, 'Customer Service Representative', 4, 2008, 6, 2008);

-- --------------------------------------------------------

--
-- Table structure for table `obj_students_edu_quals`
--

CREATE TABLE IF NOT EXISTS `obj_students_edu_quals` (
  `id` int(11) NOT NULL AUTO_INCREMENT,
  `student_id` int(11) NOT NULL,
  `edu_qual_id` int(11) NOT NULL,
  `school_id` int(11) NOT NULL,
  `year` int(11) NOT NULL,
  PRIMARY KEY (`id`),
  KEY `student_id` (`student_id`),
  KEY `edu_qual_id` (`edu_qual_id`),
  KEY `school_id` (`school_id`)
) ENGINE=InnoDB  DEFAULT CHARSET=latin1 AUTO_INCREMENT=3 ;

--
-- Dumping data for table `obj_students_edu_quals`
--

INSERT INTO `obj_students_edu_quals` (`id`, `student_id`, `edu_qual_id`, `school_id`, `year`) VALUES
(1, 4, 1, 1, 2008),
(2, 4, 2, 1, 2004);

-- --------------------------------------------------------

--
-- Table structure for table `obj_students_papers`
--

CREATE TABLE IF NOT EXISTS `obj_students_papers` (
  `id` int(11) NOT NULL AUTO_INCREMENT,
  `student_id` int(11) NOT NULL,
  `paper_id` int(11) NOT NULL,
  PRIMARY KEY (`id`),
  KEY `paper_id` (`paper_id`),
  KEY `student_id` (`student_id`)
) ENGINE=InnoDB  DEFAULT CHARSET=latin1 AUTO_INCREMENT=4 ;

--
-- Dumping data for table `obj_students_papers`
--

INSERT INTO `obj_students_papers` (`id`, `student_id`, `paper_id`) VALUES
(1, 4, 1),
(2, 4, 2),
(3, 5, 2);

-- --------------------------------------------------------

--
-- Table structure for table `obj_students_prof_quals`
--

CREATE TABLE IF NOT EXISTS `obj_students_prof_quals` (
  `id` int(11) NOT NULL AUTO_INCREMENT,
  `student_id` int(11) NOT NULL,
  `prof_qual_id` int(11) NOT NULL,
  `prof_institution_id` int(11) NOT NULL,
  `year` int(11) NOT NULL,
  PRIMARY KEY (`id`),
  KEY `student_id` (`student_id`),
  KEY `prof_qual_id` (`prof_qual_id`),
  KEY `prof_institution_id` (`prof_institution_id`)
) ENGINE=InnoDB  DEFAULT CHARSET=latin1 AUTO_INCREMENT=5 ;

--
-- Dumping data for table `obj_students_prof_quals`
--

INSERT INTO `obj_students_prof_quals` (`id`, `student_id`, `prof_qual_id`, `prof_institution_id`, `year`) VALUES
(1, 4, 1, 2, 2012),
(2, 4, 3, 4, 2013),
(3, 4, 4, 1, 2011),
(4, 4, 5, 5, 2010);

-- --------------------------------------------------------

--
-- Table structure for table `obj_students_schools`
--

CREATE TABLE IF NOT EXISTS `obj_students_schools` (
  `id` int(11) NOT NULL AUTO_INCREMENT,
  `student_id` int(11) NOT NULL,
  `school_id` int(11) NOT NULL,
  `start_year` int(11) NOT NULL,
  `end_year` int(11) NOT NULL,
  PRIMARY KEY (`id`),
  KEY `student_id` (`student_id`),
  KEY `school_id` (`school_id`)
) ENGINE=InnoDB  DEFAULT CHARSET=latin1 AUTO_INCREMENT=3 ;

--
-- Dumping data for table `obj_students_schools`
--

INSERT INTO `obj_students_schools` (`id`, `student_id`, `school_id`, `start_year`, `end_year`) VALUES
(1, 4, 1, 1994, 2008),
(2, 4, 13, 2009, 2014);

-- --------------------------------------------------------

--
-- Table structure for table `obj_students_skills`
--

CREATE TABLE IF NOT EXISTS `obj_students_skills` (
  `id` int(11) NOT NULL AUTO_INCREMENT,
  `student_id` int(11) NOT NULL,
  `skill_id` int(11) NOT NULL,
  PRIMARY KEY (`id`),
  KEY `student_id` (`student_id`),
  KEY `skill_id` (`skill_id`)
) ENGINE=InnoDB  DEFAULT CHARSET=latin1 AUTO_INCREMENT=2227 ;

--
-- Dumping data for table `obj_students_skills`
--

INSERT INTO `obj_students_skills` (`id`, `student_id`, `skill_id`) VALUES
(1, 2, 1),
(2, 2, 2),
(3, 2, 3),
(4, 2, 4),
(5, 2, 7),
(6, 2, 8),
(7, 2, 10),
(8, 2, 11),
(9, 2, 15),
(10, 2, 16),
(11, 2, 19),
(12, 2, 27),
(13, 2, 35),
(14, 2, 36),
(15, 2, 38),
(16, 2, 41),
(17, 2, 43),
(18, 2, 46),
(19, 2, 52),
(20, 2, 53),
(21, 2, 56),
(22, 2, 60),
(23, 2, 64),
(24, 2, 68),
(25, 2, 69),
(26, 2, 75),
(27, 2, 76),
(28, 2, 84),
(29, 2, 86),
(30, 2, 98),
(31, 2, 99),
(32, 2, 101),
(33, 2, 102),
(34, 2, 71),
(35, 2, 87),
(36, 2, 97),
(37, 2, 61),
(38, 2, 66),
(39, 2, 93),
(40, 2, 63),
(41, 2, 57),
(42, 2, 100),
(43, 2, 80),
(44, 2, 58),
(45, 2, 106),
(46, 2, 110),
(47, 2, 104),
(48, 2, 108),
(49, 2, 107),
(50, 3, 4),
(51, 3, 8),
(52, 3, 1),
(53, 3, 2),
(54, 3, 3),
(55, 3, 10),
(56, 3, 46),
(57, 3, 11),
(58, 3, 35),
(59, 3, 18),
(60, 3, 22),
(61, 3, 25),
(62, 3, 37),
(63, 3, 41),
(64, 3, 43),
(65, 3, 45),
(66, 3, 86),
(67, 3, 84),
(68, 3, 99),
(69, 3, 68),
(70, 3, 76),
(71, 3, 64),
(72, 3, 98),
(73, 3, 71),
(74, 3, 87),
(75, 3, 97),
(76, 3, 61),
(77, 3, 66),
(78, 3, 93),
(79, 3, 80),
(80, 3, 62),
(81, 3, 58),
(82, 3, 106),
(83, 3, 110),
(84, 3, 108),
(85, 3, 107),
(86, 3, 109),
(87, 4, 4),
(88, 4, 5),
(89, 4, 7),
(90, 4, 10),
(91, 4, 12),
(92, 4, 13),
(93, 4, 14),
(94, 4, 15),
(95, 4, 16),
(96, 4, 17),
(97, 4, 18),
(98, 4, 19),
(99, 4, 22),
(100, 4, 25),
(101, 4, 26),
(102, 4, 27),
(103, 4, 30),
(104, 4, 31),
(105, 4, 33),
(106, 4, 35),
(107, 4, 36),
(108, 4, 38),
(109, 4, 39),
(110, 4, 40),
(111, 4, 41),
(112, 4, 42),
(113, 4, 43),
(114, 4, 46),
(115, 4, 54),
(116, 4, 55),
(117, 4, 56),
(118, 4, 59),
(119, 4, 60),
(120, 4, 65),
(121, 4, 68),
(122, 4, 70),
(123, 4, 72),
(124, 4, 73),
(125, 4, 75),
(126, 4, 77),
(127, 4, 78),
(128, 4, 81),
(129, 4, 82),
(130, 4, 83),
(131, 4, 84),
(132, 4, 86),
(133, 4, 88),
(134, 4, 89),
(135, 4, 91),
(136, 4, 92),
(137, 4, 93),
(138, 4, 94),
(139, 4, 95),
(140, 4, 96),
(141, 4, 97),
(142, 4, 99),
(143, 4, 101),
(144, 4, 103),
(145, 4, 106),
(146, 4, 108),
(147, 4, 109),
(148, 4, 110),
(149, 4, 111),
(150, 5, 4),
(151, 5, 7),
(152, 5, 8),
(153, 5, 1),
(154, 5, 2),
(155, 5, 5),
(156, 5, 3),
(157, 5, 10),
(158, 5, 51),
(159, 5, 40),
(160, 5, 46),
(161, 5, 47),
(162, 5, 34),
(163, 5, 19),
(164, 5, 11),
(165, 5, 54),
(166, 5, 38),
(167, 5, 29),
(168, 5, 35),
(169, 5, 27),
(170, 5, 18),
(171, 5, 22),
(172, 5, 55),
(173, 5, 52),
(174, 5, 39),
(175, 5, 41),
(176, 5, 43),
(177, 5, 16),
(178, 5, 102),
(179, 5, 60),
(180, 5, 86),
(181, 5, 96),
(182, 5, 84),
(183, 5, 90),
(184, 5, 101),
(185, 5, 99),
(186, 5, 68),
(187, 5, 103),
(188, 5, 69),
(189, 5, 76),
(190, 5, 64),
(191, 5, 98),
(192, 5, 71),
(193, 5, 85),
(194, 5, 87),
(195, 5, 97),
(196, 5, 78),
(197, 5, 61),
(198, 5, 66),
(199, 5, 93),
(200, 5, 63),
(201, 5, 80),
(202, 5, 106),
(203, 5, 110),
(204, 5, 111),
(205, 5, 104),
(206, 5, 108),
(207, 5, 107),
(208, 5, 109),
(209, 6, 4),
(210, 6, 7),
(211, 6, 8),
(212, 6, 5),
(213, 6, 10),
(214, 6, 51),
(215, 6, 40),
(216, 6, 46),
(217, 6, 47),
(218, 6, 34),
(219, 6, 19),
(220, 6, 11),
(221, 6, 35),
(222, 6, 27),
(223, 6, 18),
(224, 6, 22),
(225, 6, 25),
(226, 6, 37),
(227, 6, 32),
(228, 6, 55),
(229, 6, 52),
(230, 6, 49),
(231, 6, 39),
(232, 6, 41),
(233, 6, 43),
(234, 6, 16),
(235, 6, 14),
(236, 6, 17),
(237, 6, 30),
(238, 6, 102),
(239, 6, 101),
(240, 6, 99),
(241, 6, 68),
(242, 6, 103),
(243, 6, 97),
(244, 6, 74),
(245, 6, 106),
(246, 6, 110),
(247, 6, 104),
(248, 6, 108),
(249, 6, 109),
(250, 7, 7),
(251, 7, 10),
(252, 7, 38),
(253, 7, 35),
(254, 7, 27),
(255, 7, 41),
(256, 7, 43),
(257, 7, 45),
(258, 7, 16),
(259, 7, 59),
(260, 7, 101),
(261, 7, 94),
(262, 7, 77),
(263, 7, 68),
(264, 7, 91),
(265, 7, 103),
(266, 7, 56),
(267, 7, 70),
(268, 7, 92),
(269, 7, 88),
(270, 7, 67),
(271, 7, 79),
(272, 7, 89),
(273, 7, 82),
(274, 7, 97),
(275, 7, 78),
(276, 7, 93),
(277, 7, 72),
(278, 7, 83),
(279, 7, 95),
(280, 7, 65),
(281, 7, 58),
(282, 7, 74),
(283, 7, 81),
(284, 7, 110),
(285, 7, 108),
(286, 7, 109),
(287, 8, 4),
(288, 8, 8),
(289, 8, 1),
(290, 8, 5),
(291, 8, 46),
(292, 8, 19),
(293, 8, 36),
(294, 8, 53),
(295, 8, 38),
(296, 8, 35),
(297, 8, 27),
(298, 8, 55),
(299, 8, 39),
(300, 8, 41),
(301, 8, 43),
(302, 8, 45),
(303, 8, 60),
(304, 8, 59),
(305, 8, 84),
(306, 8, 101),
(307, 8, 94),
(308, 8, 70),
(309, 8, 89),
(310, 8, 85),
(311, 8, 87),
(312, 8, 78),
(313, 8, 66),
(314, 8, 93),
(315, 8, 63),
(316, 8, 80),
(317, 8, 62),
(318, 8, 83),
(319, 8, 95),
(320, 8, 58),
(321, 8, 106),
(322, 8, 108),
(323, 8, 107),
(324, 9, 4),
(325, 9, 7),
(326, 9, 8),
(327, 9, 1),
(328, 9, 10),
(329, 9, 40),
(330, 9, 46),
(331, 9, 47),
(332, 9, 23),
(333, 9, 34),
(334, 9, 19),
(335, 9, 38),
(336, 9, 35),
(337, 9, 27),
(338, 9, 22),
(339, 9, 25),
(340, 9, 55),
(341, 9, 41),
(342, 9, 43),
(343, 9, 60),
(344, 9, 59),
(345, 9, 84),
(346, 9, 101),
(347, 9, 99),
(348, 9, 94),
(349, 9, 77),
(350, 9, 68),
(351, 9, 103),
(352, 9, 56),
(353, 9, 70),
(354, 9, 67),
(355, 9, 89),
(356, 9, 76),
(357, 9, 64),
(358, 9, 98),
(359, 9, 85),
(360, 9, 87),
(361, 9, 97),
(362, 9, 66),
(363, 9, 93),
(364, 9, 62),
(365, 9, 83),
(366, 9, 95),
(367, 9, 58),
(368, 9, 106),
(369, 9, 110),
(370, 9, 108),
(371, 9, 107),
(372, 9, 109),
(373, 10, 4),
(374, 10, 7),
(375, 10, 10),
(376, 10, 46),
(377, 10, 54),
(378, 10, 35),
(379, 10, 45),
(380, 10, 60),
(381, 10, 59),
(382, 10, 77),
(383, 10, 92),
(384, 10, 88),
(385, 10, 67),
(386, 10, 79),
(387, 10, 89),
(388, 10, 97),
(389, 10, 83),
(390, 10, 65),
(391, 10, 106),
(392, 10, 108),
(393, 10, 109),
(394, 11, 4),
(395, 11, 7),
(396, 11, 10),
(397, 11, 46),
(398, 11, 47),
(399, 11, 19),
(400, 11, 38),
(401, 11, 35),
(402, 11, 27),
(403, 11, 55),
(404, 11, 41),
(405, 11, 43),
(406, 11, 16),
(407, 11, 17),
(408, 11, 15),
(409, 11, 59),
(410, 11, 84),
(411, 11, 101),
(412, 11, 99),
(413, 11, 73),
(414, 11, 94),
(415, 11, 77),
(416, 11, 68),
(417, 11, 91),
(418, 11, 56),
(419, 11, 70),
(420, 11, 92),
(421, 11, 88),
(422, 11, 67),
(423, 11, 89),
(424, 11, 82),
(425, 11, 97),
(426, 11, 78),
(427, 11, 93),
(428, 11, 72),
(429, 11, 83),
(430, 11, 95),
(431, 11, 65),
(432, 11, 74),
(433, 11, 81),
(434, 11, 106),
(435, 11, 104),
(436, 11, 108),
(437, 11, 109),
(438, 12, 7),
(439, 12, 5),
(440, 12, 46),
(441, 12, 19),
(442, 12, 38),
(443, 12, 29),
(444, 12, 35),
(445, 12, 27),
(446, 12, 18),
(447, 12, 55),
(448, 12, 43),
(449, 12, 16),
(450, 12, 17),
(451, 12, 15),
(452, 12, 60),
(453, 12, 86),
(454, 12, 59),
(455, 12, 101),
(456, 12, 99),
(457, 12, 75),
(458, 12, 73),
(459, 12, 94),
(460, 12, 77),
(461, 12, 68),
(462, 12, 91),
(463, 12, 56),
(464, 12, 70),
(465, 12, 92),
(466, 12, 88),
(467, 12, 79),
(468, 12, 89),
(469, 12, 82),
(470, 12, 97),
(471, 12, 78),
(472, 12, 93),
(473, 12, 72),
(474, 12, 83),
(475, 12, 95),
(476, 12, 65),
(477, 12, 58),
(478, 12, 74),
(479, 12, 81),
(480, 12, 110),
(481, 12, 108),
(482, 12, 109),
(483, 13, 4),
(484, 13, 7),
(485, 13, 8),
(486, 13, 1),
(487, 13, 2),
(488, 13, 5),
(489, 13, 10),
(490, 13, 46),
(491, 13, 48),
(492, 13, 19),
(493, 13, 38),
(494, 13, 35),
(495, 13, 27),
(496, 13, 55),
(497, 13, 41),
(498, 13, 43),
(499, 13, 45),
(500, 13, 60),
(501, 13, 90),
(502, 13, 101),
(503, 13, 68),
(504, 13, 76),
(505, 13, 64),
(506, 13, 98),
(507, 13, 85),
(508, 13, 97),
(509, 13, 78),
(510, 13, 61),
(511, 13, 66),
(512, 13, 93),
(513, 13, 63),
(514, 13, 57),
(515, 13, 100),
(516, 13, 80),
(517, 13, 83),
(518, 13, 58),
(519, 13, 106),
(520, 13, 110),
(521, 13, 104),
(522, 13, 108),
(523, 13, 107),
(524, 13, 109),
(525, 14, 4),
(526, 14, 7),
(527, 14, 8),
(528, 14, 1),
(529, 14, 2),
(530, 14, 5),
(531, 14, 3),
(532, 14, 10),
(533, 14, 51),
(534, 14, 40),
(535, 14, 46),
(536, 14, 47),
(537, 14, 34),
(538, 14, 11),
(539, 14, 38),
(540, 14, 35),
(541, 14, 22),
(542, 14, 25),
(543, 14, 32),
(544, 14, 24),
(545, 14, 55),
(546, 14, 52),
(547, 14, 41),
(548, 14, 102),
(549, 14, 60),
(550, 14, 86),
(551, 14, 84),
(552, 14, 101),
(553, 14, 68),
(554, 14, 103),
(555, 14, 69),
(556, 14, 76),
(557, 14, 64),
(558, 14, 98),
(559, 14, 87),
(560, 14, 97),
(561, 14, 61),
(562, 14, 66),
(563, 14, 93),
(564, 14, 80),
(565, 14, 106),
(566, 14, 110),
(567, 14, 104),
(568, 14, 108),
(569, 14, 107),
(570, 14, 109),
(571, 15, 4),
(572, 15, 7),
(573, 15, 8),
(574, 15, 1),
(575, 15, 3),
(576, 15, 10),
(577, 15, 40),
(578, 15, 46),
(579, 15, 19),
(580, 15, 38),
(581, 15, 27),
(582, 15, 25),
(583, 15, 32),
(584, 15, 41),
(585, 15, 43),
(586, 15, 16),
(587, 15, 14),
(588, 15, 15),
(589, 15, 30),
(590, 15, 59),
(591, 15, 87),
(592, 15, 97),
(593, 15, 61),
(594, 15, 66),
(595, 15, 93),
(596, 15, 63),
(597, 15, 62),
(598, 15, 58),
(599, 15, 106),
(600, 15, 108),
(601, 15, 109),
(603, 16, 4),
(604, 16, 7),
(605, 16, 1),
(606, 16, 2),
(607, 16, 46),
(608, 16, 34),
(609, 16, 19),
(610, 16, 38),
(611, 16, 35),
(612, 16, 27),
(613, 16, 41),
(614, 16, 43),
(615, 16, 16),
(616, 16, 60),
(617, 16, 86),
(618, 16, 96),
(619, 16, 84),
(620, 16, 101),
(621, 16, 103),
(622, 16, 76),
(623, 16, 98),
(624, 16, 87),
(625, 16, 61),
(626, 16, 66),
(627, 16, 106),
(628, 16, 107),
(629, 16, 109),
(630, 17, 4),
(631, 17, 7),
(632, 17, 8),
(633, 17, 1),
(634, 17, 3),
(635, 17, 10),
(636, 17, 40),
(637, 17, 46),
(638, 17, 19),
(639, 17, 38),
(640, 17, 27),
(641, 17, 25),
(642, 17, 32),
(643, 17, 41),
(644, 17, 43),
(645, 17, 16),
(646, 17, 14),
(647, 17, 15),
(648, 17, 30),
(649, 17, 59),
(650, 17, 87),
(651, 17, 97),
(652, 17, 61),
(653, 17, 66),
(654, 17, 93),
(655, 17, 63),
(656, 17, 62),
(657, 17, 58),
(658, 17, 106),
(659, 17, 108),
(660, 17, 109),
(661, 18, 4),
(662, 18, 7),
(663, 18, 5),
(664, 18, 3),
(665, 18, 10),
(666, 18, 46),
(667, 18, 19),
(668, 18, 53),
(669, 18, 11),
(670, 18, 38),
(671, 18, 29),
(672, 18, 35),
(673, 18, 27),
(674, 18, 18),
(675, 18, 22),
(676, 18, 25),
(677, 18, 55),
(678, 18, 52),
(679, 18, 39),
(680, 18, 41),
(681, 18, 43),
(682, 18, 16),
(683, 18, 17),
(684, 18, 15),
(685, 18, 102),
(686, 18, 60),
(687, 18, 86),
(688, 18, 96),
(689, 18, 59),
(690, 18, 84),
(691, 18, 90),
(692, 18, 101),
(693, 18, 99),
(694, 18, 75),
(695, 18, 73),
(696, 18, 94),
(697, 18, 77),
(698, 18, 68),
(699, 18, 91),
(700, 18, 103),
(701, 18, 56),
(702, 18, 70),
(703, 18, 92),
(704, 18, 88),
(705, 18, 89),
(706, 18, 82),
(707, 18, 97),
(708, 18, 78),
(709, 18, 93),
(710, 18, 72),
(711, 18, 83),
(712, 18, 58),
(713, 18, 74),
(714, 18, 81),
(715, 18, 106),
(716, 18, 110),
(717, 18, 104),
(718, 18, 108),
(719, 18, 109),
(720, 19, 4),
(721, 19, 7),
(722, 19, 8),
(723, 19, 1),
(724, 19, 2),
(725, 19, 46),
(726, 19, 11),
(727, 19, 38),
(728, 19, 35),
(729, 19, 27),
(730, 19, 55),
(731, 19, 41),
(732, 19, 43),
(733, 19, 60),
(734, 19, 86),
(735, 19, 84),
(736, 19, 101),
(737, 19, 99),
(738, 19, 68),
(739, 19, 76),
(740, 19, 64),
(741, 19, 98),
(742, 19, 71),
(743, 19, 85),
(744, 19, 97),
(745, 19, 61),
(746, 19, 66),
(747, 19, 93),
(748, 19, 62),
(749, 19, 83),
(750, 19, 58),
(751, 19, 106),
(752, 19, 108),
(753, 19, 107),
(754, 19, 109),
(755, 20, 4),
(756, 20, 7),
(757, 20, 1),
(758, 20, 2),
(759, 20, 3),
(760, 20, 10),
(761, 20, 11),
(762, 20, 24),
(763, 20, 12),
(764, 20, 30),
(765, 20, 101),
(766, 20, 68),
(767, 20, 103),
(768, 20, 69),
(769, 20, 76),
(770, 20, 64),
(771, 20, 98),
(772, 20, 71),
(773, 20, 87),
(774, 20, 97),
(775, 20, 61),
(776, 20, 66),
(777, 20, 93),
(778, 20, 63),
(779, 20, 57),
(780, 20, 100),
(781, 20, 62),
(782, 20, 106),
(783, 20, 104),
(784, 20, 108),
(785, 20, 107),
(786, 20, 109),
(787, 21, 4),
(788, 21, 7),
(789, 21, 8),
(790, 21, 1),
(791, 21, 2),
(792, 21, 5),
(793, 21, 3),
(794, 21, 10),
(795, 21, 51),
(796, 21, 40),
(797, 21, 46),
(798, 21, 34),
(799, 21, 19),
(800, 21, 53),
(801, 21, 11),
(802, 21, 54),
(803, 21, 38),
(804, 21, 29),
(805, 21, 35),
(806, 21, 27),
(807, 21, 18),
(808, 21, 22),
(809, 21, 21),
(810, 21, 25),
(811, 21, 37),
(812, 21, 32),
(813, 21, 31),
(814, 21, 24),
(815, 21, 55),
(816, 21, 52),
(817, 21, 49),
(818, 21, 39),
(819, 21, 41),
(820, 21, 43),
(821, 21, 45),
(822, 21, 16),
(823, 21, 17),
(824, 21, 102),
(825, 21, 60),
(826, 21, 86),
(827, 21, 84),
(828, 21, 101),
(829, 21, 99),
(830, 21, 68),
(831, 21, 91),
(832, 21, 69),
(833, 21, 76),
(834, 21, 64),
(835, 21, 98),
(836, 21, 71),
(837, 21, 87),
(838, 21, 97),
(839, 21, 78),
(840, 21, 61),
(841, 21, 66),
(842, 21, 93),
(843, 21, 80),
(844, 21, 58),
(845, 21, 106),
(846, 21, 110),
(847, 21, 111),
(848, 21, 104),
(849, 21, 108),
(850, 21, 107),
(851, 21, 109),
(852, 22, 4),
(853, 22, 7),
(854, 22, 8),
(855, 22, 1),
(856, 22, 2),
(857, 22, 5),
(858, 22, 51),
(859, 22, 40),
(860, 22, 46),
(861, 22, 23),
(862, 22, 34),
(863, 22, 19),
(864, 22, 38),
(865, 22, 35),
(866, 22, 27),
(867, 22, 18),
(868, 22, 22),
(869, 22, 21),
(870, 22, 25),
(871, 22, 37),
(872, 22, 55),
(873, 22, 52),
(874, 22, 39),
(875, 22, 41),
(876, 22, 43),
(877, 22, 16),
(878, 22, 30),
(879, 22, 102),
(880, 22, 60),
(881, 22, 86),
(882, 22, 84),
(883, 22, 101),
(884, 22, 99),
(885, 22, 68),
(886, 22, 103),
(887, 22, 76),
(888, 22, 64),
(889, 22, 98),
(890, 22, 71),
(891, 22, 87),
(892, 22, 97),
(893, 22, 66),
(894, 22, 93),
(895, 22, 63),
(896, 22, 80),
(897, 22, 83),
(898, 22, 58),
(899, 22, 106),
(900, 22, 104),
(901, 22, 108),
(902, 22, 107),
(903, 22, 109),
(904, 23, 4),
(905, 23, 1),
(906, 23, 2),
(907, 23, 5),
(908, 23, 10),
(909, 23, 46),
(910, 23, 34),
(911, 23, 48),
(912, 23, 35),
(913, 23, 27),
(914, 23, 25),
(915, 23, 55),
(916, 23, 49),
(917, 23, 39),
(918, 23, 41),
(919, 23, 43),
(920, 23, 102),
(921, 23, 86),
(922, 23, 101),
(923, 23, 99),
(924, 23, 68),
(925, 23, 69),
(926, 23, 76),
(927, 23, 64),
(928, 23, 98),
(929, 23, 85),
(930, 23, 87),
(931, 23, 97),
(932, 23, 66),
(933, 23, 93),
(934, 23, 63),
(935, 23, 57),
(936, 23, 72),
(937, 23, 106),
(938, 23, 110),
(939, 23, 108),
(940, 23, 107),
(941, 23, 109),
(942, 24, 4),
(943, 24, 7),
(944, 24, 51),
(945, 24, 40),
(946, 24, 23),
(947, 24, 34),
(948, 24, 32),
(949, 24, 55),
(950, 24, 52),
(951, 24, 49),
(952, 24, 102),
(953, 24, 84),
(954, 24, 68),
(955, 24, 69),
(956, 24, 76),
(957, 24, 61),
(958, 24, 66),
(959, 24, 106),
(960, 24, 104),
(961, 24, 108),
(962, 24, 109),
(963, 25, 4),
(964, 25, 7),
(965, 25, 8),
(966, 25, 1),
(967, 25, 2),
(968, 25, 5),
(969, 25, 3),
(970, 25, 10),
(971, 25, 51),
(972, 25, 40),
(973, 25, 46),
(974, 25, 47),
(975, 25, 34),
(976, 25, 19),
(977, 25, 11),
(978, 25, 54),
(979, 25, 38),
(980, 25, 35),
(981, 25, 27),
(982, 25, 18),
(983, 25, 22),
(984, 25, 21),
(985, 25, 25),
(986, 25, 37),
(987, 25, 32),
(988, 25, 31),
(989, 25, 55),
(990, 25, 52),
(991, 25, 49),
(992, 25, 39),
(993, 25, 41),
(994, 25, 43),
(995, 25, 45),
(996, 25, 16),
(997, 25, 17),
(998, 25, 12),
(999, 25, 102),
(1000, 25, 60),
(1001, 25, 86),
(1002, 25, 84),
(1003, 25, 101),
(1004, 25, 99),
(1005, 25, 68),
(1006, 25, 103),
(1007, 25, 69),
(1008, 25, 76),
(1009, 25, 64),
(1010, 25, 98),
(1011, 25, 87),
(1012, 25, 97),
(1013, 25, 61),
(1014, 25, 66),
(1015, 25, 83),
(1016, 25, 58),
(1017, 25, 106),
(1018, 25, 110),
(1019, 25, 104),
(1020, 25, 108),
(1021, 25, 107),
(1022, 25, 109),
(1023, 26, 4),
(1024, 26, 7),
(1025, 26, 8),
(1026, 26, 1),
(1027, 26, 2),
(1028, 26, 5),
(1029, 26, 6),
(1030, 26, 10),
(1031, 26, 51),
(1032, 26, 40),
(1033, 26, 46),
(1034, 26, 28),
(1035, 26, 19),
(1036, 26, 38),
(1037, 26, 35),
(1038, 26, 27),
(1039, 26, 18),
(1040, 26, 21),
(1041, 26, 25),
(1042, 26, 24),
(1043, 26, 55),
(1044, 26, 52),
(1045, 26, 49),
(1046, 26, 39),
(1047, 26, 41),
(1048, 26, 20),
(1049, 26, 102),
(1050, 26, 60),
(1051, 26, 96),
(1052, 26, 84),
(1053, 26, 90),
(1054, 26, 101),
(1055, 26, 68),
(1056, 26, 103),
(1057, 26, 69),
(1058, 26, 76),
(1059, 26, 64),
(1060, 26, 98),
(1061, 26, 87),
(1062, 26, 61),
(1063, 26, 66),
(1064, 26, 93),
(1065, 26, 58),
(1066, 26, 106),
(1067, 26, 104),
(1068, 26, 108),
(1069, 26, 107),
(1070, 26, 109),
(1071, 26, 105),
(1072, 27, 4),
(1073, 27, 8),
(1074, 27, 2),
(1075, 27, 5),
(1076, 27, 10),
(1077, 27, 51),
(1078, 27, 40),
(1079, 27, 46),
(1080, 27, 34),
(1081, 27, 19),
(1082, 27, 35),
(1083, 27, 27),
(1084, 27, 18),
(1085, 27, 21),
(1086, 27, 25),
(1087, 27, 32),
(1088, 27, 55),
(1089, 27, 49),
(1090, 27, 39),
(1091, 27, 41),
(1092, 27, 43),
(1093, 27, 84),
(1094, 27, 99),
(1095, 27, 68),
(1096, 27, 67),
(1097, 27, 64),
(1098, 27, 98),
(1099, 27, 87),
(1100, 27, 61),
(1101, 27, 66),
(1102, 27, 63),
(1103, 27, 57),
(1104, 27, 62),
(1105, 27, 58),
(1106, 27, 106),
(1107, 27, 108),
(1108, 27, 109),
(1109, 28, 4),
(1110, 28, 7),
(1111, 28, 1),
(1112, 28, 2),
(1113, 28, 46),
(1114, 28, 19),
(1115, 28, 38),
(1116, 28, 35),
(1117, 28, 55),
(1118, 28, 41),
(1119, 28, 43),
(1120, 28, 101),
(1121, 28, 68),
(1122, 28, 76),
(1123, 28, 98),
(1124, 28, 66),
(1125, 28, 57),
(1126, 28, 100),
(1127, 28, 106),
(1128, 28, 108),
(1129, 28, 107),
(1130, 28, 109),
(1131, 29, 4),
(1132, 29, 1),
(1133, 29, 3),
(1134, 29, 10),
(1135, 29, 51),
(1136, 29, 40),
(1137, 29, 46),
(1138, 29, 47),
(1139, 29, 19),
(1140, 29, 11),
(1141, 29, 35),
(1142, 29, 25),
(1143, 29, 55),
(1144, 29, 68),
(1145, 29, 67),
(1146, 29, 76),
(1147, 29, 64),
(1148, 29, 98),
(1149, 29, 87),
(1150, 29, 61),
(1151, 29, 66),
(1152, 29, 93),
(1153, 29, 58),
(1154, 29, 106),
(1155, 30, 4),
(1156, 30, 8),
(1157, 30, 1),
(1158, 30, 2),
(1159, 30, 5),
(1160, 30, 10),
(1161, 30, 51),
(1162, 30, 40),
(1163, 30, 46),
(1164, 30, 47),
(1165, 30, 23),
(1166, 30, 34),
(1167, 30, 38),
(1168, 30, 35),
(1169, 30, 27),
(1170, 30, 22),
(1171, 30, 25),
(1172, 30, 37),
(1173, 30, 55),
(1174, 30, 41),
(1175, 30, 43),
(1176, 30, 60),
(1177, 30, 101),
(1178, 30, 99),
(1179, 30, 68),
(1180, 30, 103),
(1181, 30, 76),
(1182, 30, 64),
(1183, 30, 98),
(1184, 30, 87),
(1185, 30, 97),
(1186, 30, 66),
(1187, 30, 93),
(1188, 30, 83),
(1189, 30, 58),
(1190, 30, 106),
(1191, 30, 108),
(1192, 30, 109),
(1193, 31, 4),
(1194, 31, 7),
(1195, 31, 8),
(1196, 31, 1),
(1197, 31, 2),
(1198, 31, 5),
(1199, 31, 3),
(1200, 31, 10),
(1201, 31, 46),
(1202, 31, 47),
(1203, 31, 19),
(1204, 31, 11),
(1205, 31, 38),
(1206, 31, 35),
(1207, 31, 27),
(1208, 31, 18),
(1209, 31, 22),
(1210, 31, 55),
(1211, 31, 39),
(1212, 31, 41),
(1213, 31, 43),
(1214, 31, 16),
(1215, 31, 60),
(1216, 31, 86),
(1217, 31, 84),
(1218, 31, 101),
(1219, 31, 99),
(1220, 31, 68),
(1221, 31, 56),
(1222, 31, 67),
(1223, 31, 76),
(1224, 31, 64),
(1225, 31, 98),
(1226, 31, 71),
(1227, 31, 87),
(1228, 31, 97),
(1229, 31, 61),
(1230, 31, 66),
(1231, 31, 93),
(1232, 31, 80),
(1233, 31, 62),
(1234, 31, 58),
(1235, 31, 106),
(1236, 31, 108),
(1237, 31, 107),
(1238, 31, 109),
(1239, 31, 105),
(1240, 32, 4),
(1241, 32, 7),
(1242, 32, 2),
(1243, 32, 5),
(1244, 32, 3),
(1245, 32, 10),
(1246, 32, 51),
(1247, 32, 40),
(1248, 32, 46),
(1249, 32, 38),
(1250, 32, 35),
(1251, 32, 27),
(1252, 32, 18),
(1253, 32, 22),
(1254, 32, 25),
(1255, 32, 32),
(1256, 32, 55),
(1257, 32, 52),
(1258, 32, 49),
(1259, 32, 39),
(1260, 32, 41),
(1261, 32, 43),
(1262, 32, 45),
(1263, 32, 102),
(1264, 32, 60),
(1265, 32, 86),
(1266, 32, 84),
(1267, 32, 101),
(1268, 32, 99),
(1269, 32, 68),
(1270, 32, 103),
(1271, 32, 67),
(1272, 32, 69),
(1273, 32, 76),
(1274, 32, 64),
(1275, 32, 98),
(1276, 32, 71),
(1277, 32, 87),
(1278, 32, 97),
(1279, 32, 78),
(1280, 32, 61),
(1281, 32, 66),
(1282, 32, 93),
(1283, 32, 106),
(1284, 32, 111),
(1285, 32, 104),
(1286, 32, 108),
(1287, 32, 107),
(1288, 32, 109),
(1289, 33, 4),
(1290, 33, 7),
(1291, 33, 8),
(1292, 33, 1),
(1293, 33, 2),
(1294, 33, 5),
(1295, 33, 3),
(1296, 33, 10),
(1297, 33, 51),
(1298, 33, 40),
(1299, 33, 46),
(1300, 33, 47),
(1301, 33, 19),
(1302, 33, 11),
(1303, 33, 38),
(1304, 33, 35),
(1305, 33, 27),
(1306, 33, 18),
(1307, 33, 25),
(1308, 33, 32),
(1309, 33, 24),
(1310, 33, 55),
(1311, 33, 39),
(1312, 33, 41),
(1313, 33, 43),
(1314, 33, 86),
(1315, 33, 84),
(1316, 33, 101),
(1317, 33, 99),
(1318, 33, 68),
(1319, 33, 103),
(1320, 33, 67),
(1321, 33, 76),
(1322, 33, 64),
(1323, 33, 98),
(1324, 33, 71),
(1325, 33, 87),
(1326, 33, 97),
(1327, 33, 61),
(1328, 33, 66),
(1329, 33, 93),
(1330, 33, 63),
(1331, 33, 57),
(1332, 33, 100),
(1333, 33, 62),
(1334, 33, 106),
(1335, 33, 110),
(1336, 33, 104),
(1337, 33, 107),
(1338, 33, 109),
(1339, 34, 4),
(1340, 34, 7),
(1341, 34, 1),
(1342, 34, 2),
(1343, 34, 5),
(1344, 34, 10),
(1345, 34, 46),
(1346, 34, 38),
(1347, 34, 35),
(1348, 34, 27),
(1349, 34, 18),
(1350, 34, 22),
(1351, 34, 55),
(1352, 34, 52),
(1353, 34, 49),
(1354, 34, 39),
(1355, 34, 41),
(1356, 34, 43),
(1357, 34, 45),
(1358, 34, 16),
(1359, 34, 102),
(1360, 34, 60),
(1361, 34, 86),
(1362, 34, 84),
(1363, 34, 101),
(1364, 34, 99),
(1365, 34, 68),
(1366, 34, 103),
(1367, 34, 67),
(1368, 34, 76),
(1369, 34, 64),
(1370, 34, 98),
(1371, 34, 71),
(1372, 34, 87),
(1373, 34, 97),
(1374, 34, 61),
(1375, 34, 66),
(1376, 34, 93),
(1377, 34, 72),
(1378, 34, 106),
(1379, 34, 104),
(1380, 34, 107),
(1381, 34, 109),
(1382, 35, 4),
(1383, 35, 7),
(1384, 35, 8),
(1385, 35, 1),
(1386, 35, 2),
(1387, 35, 5),
(1388, 35, 3),
(1389, 35, 10),
(1390, 35, 46),
(1391, 35, 19),
(1392, 35, 11),
(1393, 35, 54),
(1394, 35, 38),
(1395, 35, 35),
(1396, 35, 27),
(1397, 35, 18),
(1398, 35, 22),
(1399, 35, 55),
(1400, 35, 41),
(1401, 35, 43),
(1402, 35, 16),
(1403, 35, 102),
(1404, 35, 60),
(1405, 35, 86),
(1406, 35, 96),
(1407, 35, 84),
(1408, 35, 90),
(1409, 35, 101),
(1410, 35, 99),
(1411, 35, 75),
(1412, 35, 73),
(1413, 35, 68),
(1414, 35, 67),
(1415, 35, 76),
(1416, 35, 64),
(1417, 35, 98),
(1418, 35, 71),
(1419, 35, 87),
(1420, 35, 97),
(1421, 35, 78),
(1422, 35, 61),
(1423, 35, 66),
(1424, 35, 93),
(1425, 35, 63),
(1426, 35, 80),
(1427, 35, 62),
(1428, 35, 58),
(1429, 35, 106),
(1430, 35, 110),
(1431, 35, 108),
(1432, 35, 107),
(1433, 35, 109),
(1434, 36, 4),
(1435, 36, 7),
(1436, 36, 8),
(1437, 36, 1),
(1438, 36, 2),
(1439, 36, 3),
(1440, 36, 10),
(1441, 36, 46),
(1442, 36, 19),
(1443, 36, 11),
(1444, 36, 54),
(1445, 36, 38),
(1446, 36, 35),
(1447, 36, 27),
(1448, 36, 31),
(1449, 36, 24),
(1450, 36, 55),
(1451, 36, 52),
(1452, 36, 39),
(1453, 36, 41),
(1454, 36, 102),
(1455, 36, 60),
(1456, 36, 86),
(1457, 36, 84),
(1458, 36, 90),
(1459, 36, 99),
(1460, 36, 68),
(1461, 36, 67),
(1462, 36, 76),
(1463, 36, 64),
(1464, 36, 98),
(1465, 36, 71),
(1466, 36, 85),
(1467, 36, 87),
(1468, 36, 97),
(1469, 36, 61),
(1470, 36, 66),
(1471, 36, 93),
(1472, 36, 80),
(1473, 36, 62),
(1474, 36, 58),
(1475, 36, 106),
(1476, 36, 110),
(1477, 36, 104),
(1478, 36, 108),
(1479, 36, 107),
(1480, 36, 109),
(1481, 37, 4),
(1482, 37, 7),
(1483, 37, 5),
(1484, 37, 10),
(1485, 37, 46),
(1486, 37, 47),
(1487, 37, 34),
(1488, 37, 48),
(1489, 37, 19),
(1490, 37, 11),
(1491, 37, 54),
(1492, 37, 38),
(1493, 37, 35),
(1494, 37, 27),
(1495, 37, 18),
(1496, 37, 22),
(1497, 37, 24),
(1498, 37, 55),
(1499, 37, 52),
(1500, 37, 39),
(1501, 37, 41),
(1502, 37, 43),
(1503, 37, 45),
(1504, 37, 16),
(1505, 37, 17),
(1506, 37, 15),
(1507, 37, 60),
(1508, 37, 86),
(1509, 37, 59),
(1510, 37, 84),
(1511, 37, 101),
(1512, 37, 99),
(1513, 37, 73),
(1514, 37, 94),
(1515, 37, 68),
(1516, 37, 56),
(1517, 37, 70),
(1518, 37, 88),
(1519, 37, 79),
(1520, 37, 89),
(1521, 37, 82),
(1522, 37, 87),
(1523, 37, 97),
(1524, 37, 78),
(1525, 37, 93),
(1526, 37, 63),
(1527, 37, 57),
(1528, 37, 72),
(1529, 37, 83),
(1530, 37, 95),
(1531, 37, 65),
(1532, 37, 58),
(1533, 37, 81),
(1534, 37, 106),
(1535, 37, 110),
(1536, 37, 108),
(1537, 37, 107),
(1538, 37, 109),
(1539, 38, 4),
(1540, 38, 7),
(1541, 38, 10),
(1542, 38, 46),
(1543, 38, 19),
(1544, 38, 38),
(1545, 38, 35),
(1546, 38, 27),
(1547, 38, 22),
(1548, 38, 55),
(1549, 38, 39),
(1550, 38, 41),
(1551, 38, 43),
(1552, 38, 16),
(1553, 38, 17),
(1554, 38, 15),
(1555, 38, 60),
(1556, 38, 86),
(1557, 38, 96),
(1558, 38, 59),
(1559, 38, 84),
(1560, 38, 90),
(1561, 38, 101),
(1562, 38, 99),
(1563, 38, 75),
(1564, 38, 73),
(1565, 38, 94),
(1566, 38, 77),
(1567, 38, 68),
(1568, 38, 91),
(1569, 38, 56),
(1570, 38, 70),
(1571, 38, 92),
(1572, 38, 88),
(1573, 38, 79),
(1574, 38, 89),
(1575, 38, 82),
(1576, 38, 87),
(1577, 38, 97),
(1578, 38, 78),
(1579, 38, 93),
(1580, 38, 72),
(1581, 38, 83),
(1582, 38, 95),
(1583, 38, 65),
(1584, 38, 58),
(1585, 38, 74),
(1586, 38, 81),
(1587, 38, 106),
(1588, 38, 110),
(1589, 38, 111),
(1590, 38, 108),
(1591, 38, 109),
(1592, 39, 4),
(1593, 39, 7),
(1594, 39, 8),
(1595, 39, 1),
(1596, 39, 2),
(1597, 39, 3),
(1598, 39, 10),
(1599, 39, 46),
(1600, 39, 19),
(1601, 39, 11),
(1602, 39, 54),
(1603, 39, 38),
(1604, 39, 55),
(1605, 39, 52),
(1606, 39, 41),
(1607, 39, 43),
(1608, 39, 45),
(1609, 39, 102),
(1610, 39, 60),
(1611, 39, 84),
(1612, 39, 101),
(1613, 39, 68),
(1614, 39, 76),
(1615, 39, 98),
(1616, 39, 87),
(1617, 39, 61),
(1618, 39, 66),
(1619, 39, 93),
(1620, 39, 80),
(1621, 39, 62),
(1622, 39, 58),
(1623, 39, 106),
(1624, 39, 104),
(1625, 39, 108),
(1626, 39, 107),
(1627, 39, 109),
(1628, 40, 4),
(1629, 40, 7),
(1630, 40, 2),
(1631, 40, 5),
(1632, 40, 10),
(1633, 40, 46),
(1634, 40, 47),
(1635, 40, 19),
(1636, 40, 11),
(1637, 40, 38),
(1638, 40, 29),
(1639, 40, 35),
(1640, 40, 27),
(1641, 40, 18),
(1642, 40, 55),
(1643, 40, 52),
(1644, 40, 39),
(1645, 40, 41),
(1646, 40, 43),
(1647, 40, 16),
(1648, 40, 60),
(1649, 40, 59),
(1650, 40, 101),
(1651, 40, 99),
(1652, 40, 73),
(1653, 40, 94),
(1654, 40, 77),
(1655, 40, 68),
(1656, 40, 91),
(1657, 40, 56),
(1658, 40, 79),
(1659, 40, 89),
(1660, 40, 82),
(1661, 40, 87),
(1662, 40, 97),
(1663, 40, 78),
(1664, 40, 72),
(1665, 40, 83),
(1666, 40, 95),
(1667, 40, 65),
(1668, 40, 58),
(1669, 40, 74),
(1670, 40, 81),
(1671, 40, 106),
(1672, 40, 110),
(1673, 40, 108),
(1674, 40, 109),
(1675, 41, 4),
(1676, 41, 1),
(1677, 41, 2),
(1678, 41, 3),
(1679, 41, 10),
(1680, 41, 40),
(1681, 41, 46),
(1682, 41, 34),
(1683, 41, 19),
(1684, 41, 38),
(1685, 41, 35),
(1686, 41, 37),
(1687, 41, 55),
(1688, 41, 41),
(1689, 41, 43),
(1690, 41, 86),
(1691, 41, 84),
(1692, 41, 99),
(1693, 41, 68),
(1694, 41, 76),
(1695, 41, 64),
(1696, 41, 98),
(1697, 41, 87),
(1698, 41, 97),
(1699, 41, 61),
(1700, 41, 66),
(1701, 41, 93),
(1702, 41, 63),
(1703, 41, 80),
(1704, 41, 62),
(1705, 41, 106),
(1706, 41, 104),
(1707, 41, 108),
(1708, 41, 107),
(1709, 41, 109),
(1710, 42, 4),
(1711, 42, 7),
(1712, 42, 5),
(1713, 42, 10),
(1714, 42, 51),
(1715, 42, 40),
(1716, 42, 46),
(1717, 42, 34),
(1718, 42, 48),
(1719, 42, 19),
(1720, 42, 38),
(1721, 42, 35),
(1722, 42, 27),
(1723, 42, 18),
(1724, 42, 22),
(1725, 42, 25),
(1726, 42, 37),
(1727, 42, 55),
(1728, 42, 41),
(1729, 42, 43),
(1730, 42, 102),
(1731, 42, 60),
(1732, 42, 59),
(1733, 42, 101),
(1734, 42, 99),
(1735, 42, 73),
(1736, 42, 94),
(1737, 42, 77),
(1738, 42, 68),
(1739, 42, 91),
(1740, 42, 56),
(1741, 42, 70),
(1742, 42, 92),
(1743, 42, 88),
(1744, 42, 67),
(1745, 42, 89),
(1746, 42, 82),
(1747, 42, 97),
(1748, 42, 78),
(1749, 42, 72),
(1750, 42, 83),
(1751, 42, 95),
(1752, 42, 65),
(1753, 42, 58),
(1754, 42, 74),
(1755, 42, 81),
(1756, 42, 106),
(1757, 42, 104),
(1758, 42, 108),
(1759, 42, 109),
(1760, 43, 4),
(1761, 43, 7),
(1762, 43, 2),
(1763, 43, 5),
(1764, 43, 10),
(1765, 43, 51),
(1766, 43, 40),
(1767, 43, 46),
(1768, 43, 23),
(1769, 43, 34),
(1770, 43, 54),
(1771, 43, 38),
(1772, 43, 35),
(1773, 43, 27),
(1774, 43, 18),
(1775, 43, 21),
(1776, 43, 25),
(1777, 43, 37),
(1778, 43, 24),
(1779, 43, 55),
(1780, 43, 41),
(1781, 43, 102),
(1782, 43, 60),
(1783, 43, 84),
(1784, 43, 90),
(1785, 43, 101),
(1786, 43, 99),
(1787, 43, 68),
(1788, 43, 103),
(1789, 43, 69),
(1790, 43, 76),
(1791, 43, 64),
(1792, 43, 98),
(1793, 43, 71),
(1794, 43, 85),
(1795, 43, 87),
(1796, 43, 97),
(1797, 43, 61),
(1798, 43, 66),
(1799, 43, 93),
(1800, 43, 63),
(1801, 43, 106),
(1802, 43, 104),
(1803, 43, 108),
(1804, 43, 107),
(1805, 43, 109),
(1806, 44, 4),
(1807, 44, 7),
(1808, 44, 8),
(1809, 44, 5),
(1810, 44, 3),
(1811, 44, 46),
(1812, 44, 28),
(1813, 44, 48),
(1814, 44, 19),
(1815, 44, 38),
(1816, 44, 35),
(1817, 44, 27),
(1818, 44, 18),
(1819, 44, 22),
(1820, 44, 21),
(1821, 44, 25),
(1822, 44, 31),
(1823, 44, 24),
(1824, 44, 55),
(1825, 44, 39),
(1826, 44, 41),
(1827, 44, 16),
(1828, 44, 102),
(1829, 44, 60),
(1830, 44, 86),
(1831, 44, 96),
(1832, 44, 84),
(1833, 44, 90),
(1834, 44, 101),
(1835, 44, 68),
(1836, 44, 103),
(1837, 44, 89),
(1838, 44, 82),
(1839, 44, 64),
(1840, 44, 57),
(1841, 44, 72),
(1842, 44, 83),
(1843, 44, 81),
(1844, 44, 109),
(1845, 45, 7),
(1846, 45, 46),
(1847, 45, 54),
(1848, 45, 35),
(1849, 45, 27),
(1850, 45, 43),
(1851, 45, 16),
(1852, 45, 59),
(1853, 45, 73),
(1854, 45, 94),
(1855, 45, 56),
(1856, 45, 67),
(1857, 45, 89),
(1858, 45, 72),
(1859, 45, 83),
(1860, 45, 95),
(1861, 45, 65),
(1862, 45, 81),
(1863, 45, 110),
(1864, 45, 108),
(1865, 45, 109),
(1866, 46, 4),
(1867, 46, 7),
(1868, 46, 5),
(1869, 46, 10),
(1870, 46, 38),
(1871, 46, 29),
(1872, 46, 35),
(1873, 46, 27),
(1874, 46, 18),
(1875, 46, 22),
(1876, 46, 43),
(1877, 46, 45),
(1878, 46, 16),
(1879, 46, 60),
(1880, 46, 86),
(1881, 46, 59),
(1882, 46, 101),
(1883, 46, 99),
(1884, 46, 94),
(1885, 46, 77),
(1886, 46, 68),
(1887, 46, 91),
(1888, 46, 103),
(1889, 46, 56),
(1890, 46, 70),
(1891, 46, 92),
(1892, 46, 88),
(1893, 46, 79),
(1894, 46, 89),
(1895, 46, 82),
(1896, 46, 97),
(1897, 46, 78),
(1898, 46, 93),
(1899, 46, 83),
(1900, 46, 95),
(1901, 46, 65),
(1902, 46, 58),
(1903, 46, 81),
(1904, 46, 106),
(1905, 46, 108),
(1906, 46, 109),
(1907, 47, 4),
(1908, 47, 1),
(1909, 47, 2),
(1910, 47, 3),
(1911, 47, 19),
(1912, 47, 54),
(1913, 47, 38),
(1914, 47, 35),
(1915, 47, 27),
(1916, 47, 22),
(1917, 47, 31),
(1918, 47, 55),
(1919, 47, 52),
(1920, 47, 41),
(1921, 47, 43),
(1922, 47, 12),
(1923, 47, 60),
(1924, 47, 86),
(1925, 47, 84),
(1926, 47, 99),
(1927, 47, 75),
(1928, 47, 68),
(1929, 47, 103),
(1930, 47, 76),
(1931, 47, 64),
(1932, 47, 98),
(1933, 47, 85),
(1934, 47, 87),
(1935, 47, 97),
(1936, 47, 61),
(1937, 47, 66),
(1938, 47, 93),
(1939, 47, 63),
(1940, 47, 57),
(1941, 47, 100),
(1942, 47, 80),
(1943, 47, 106),
(1944, 47, 110),
(1945, 47, 104),
(1946, 47, 108),
(1947, 47, 107),
(1948, 47, 109),
(1949, 48, 4),
(1950, 48, 10),
(1951, 48, 46),
(1952, 48, 47),
(1953, 48, 35),
(1954, 48, 27),
(1955, 48, 43),
(1956, 48, 16),
(1957, 48, 17),
(1958, 48, 15),
(1959, 48, 86),
(1960, 48, 59),
(1961, 48, 99),
(1962, 48, 73),
(1963, 48, 94),
(1964, 48, 77),
(1965, 48, 68),
(1966, 48, 91),
(1967, 48, 56),
(1968, 48, 70),
(1969, 48, 92),
(1970, 48, 88),
(1971, 48, 79),
(1972, 48, 89),
(1973, 48, 82),
(1974, 48, 78),
(1975, 48, 93),
(1976, 48, 72),
(1977, 48, 83),
(1978, 48, 95),
(1979, 48, 65),
(1980, 48, 58),
(1981, 48, 74),
(1982, 48, 81),
(1983, 48, 106),
(1984, 48, 110),
(1985, 48, 108),
(1986, 48, 109),
(1987, 49, 4),
(1988, 49, 8),
(1989, 49, 1),
(1990, 49, 2),
(1991, 49, 5),
(1992, 49, 3),
(1993, 49, 10),
(1994, 49, 51),
(1995, 49, 40),
(1996, 49, 46),
(1997, 49, 47),
(1998, 49, 34),
(1999, 49, 11),
(2000, 49, 38),
(2001, 49, 35),
(2002, 49, 27),
(2003, 49, 22),
(2004, 49, 21),
(2005, 49, 25),
(2006, 49, 37),
(2007, 49, 32),
(2008, 49, 55),
(2009, 49, 49),
(2010, 49, 39),
(2011, 49, 41),
(2012, 49, 43),
(2013, 49, 102),
(2014, 49, 86),
(2015, 49, 96),
(2016, 49, 59),
(2017, 49, 84),
(2018, 49, 101),
(2019, 49, 99),
(2020, 49, 68),
(2021, 49, 92),
(2022, 49, 67),
(2023, 49, 89),
(2024, 49, 69),
(2025, 49, 76),
(2026, 49, 64),
(2027, 49, 71),
(2028, 49, 87),
(2029, 49, 97),
(2030, 49, 61),
(2031, 49, 66),
(2032, 49, 93),
(2033, 49, 58),
(2034, 49, 106),
(2035, 49, 104),
(2036, 49, 108),
(2037, 49, 107),
(2038, 49, 109),
(2039, 49, 105),
(2040, 50, 4),
(2041, 50, 7),
(2042, 50, 8),
(2043, 50, 5),
(2044, 50, 10),
(2045, 50, 46),
(2046, 50, 47),
(2047, 50, 48),
(2048, 50, 38),
(2049, 50, 35),
(2050, 50, 27),
(2051, 50, 18),
(2052, 50, 55),
(2053, 50, 52),
(2054, 50, 41),
(2055, 50, 43),
(2056, 50, 45),
(2057, 50, 16),
(2058, 50, 102),
(2059, 50, 60),
(2060, 50, 59),
(2061, 50, 84),
(2062, 50, 101),
(2063, 50, 99),
(2064, 50, 75),
(2065, 50, 94),
(2066, 50, 77),
(2067, 50, 68),
(2068, 50, 103),
(2069, 50, 56),
(2070, 50, 70),
(2071, 50, 92),
(2072, 50, 88),
(2073, 50, 67),
(2074, 50, 79),
(2075, 50, 89),
(2076, 50, 82),
(2077, 50, 97),
(2078, 50, 78),
(2079, 50, 93),
(2080, 50, 83),
(2081, 50, 58),
(2082, 50, 74),
(2083, 50, 81),
(2084, 50, 106),
(2085, 50, 104),
(2086, 50, 109),
(2087, 51, 4),
(2088, 51, 7),
(2089, 51, 5),
(2090, 51, 10),
(2091, 51, 51),
(2092, 51, 40),
(2093, 51, 46),
(2094, 51, 48),
(2095, 51, 38),
(2096, 51, 35),
(2097, 51, 27),
(2098, 51, 55),
(2099, 51, 41),
(2100, 51, 43),
(2101, 51, 16),
(2102, 51, 15),
(2103, 51, 60),
(2104, 51, 86),
(2105, 51, 59),
(2106, 51, 84),
(2107, 51, 99),
(2108, 51, 73),
(2109, 51, 94),
(2110, 51, 77),
(2111, 51, 68),
(2112, 51, 91),
(2113, 51, 92),
(2114, 51, 88),
(2115, 51, 67),
(2116, 51, 89),
(2117, 51, 82),
(2118, 51, 97),
(2119, 51, 78),
(2120, 51, 83),
(2121, 51, 95),
(2122, 51, 65),
(2123, 51, 81),
(2124, 51, 108),
(2125, 51, 109),
(2126, 52, 4),
(2127, 52, 7),
(2128, 52, 1),
(2129, 52, 2),
(2130, 52, 5),
(2131, 52, 10),
(2132, 52, 51),
(2133, 52, 40),
(2134, 52, 46),
(2135, 52, 34),
(2136, 52, 54),
(2137, 52, 38),
(2138, 52, 35),
(2139, 52, 27),
(2140, 52, 18),
(2141, 52, 22),
(2142, 52, 21),
(2143, 52, 25),
(2144, 52, 37),
(2145, 52, 24),
(2146, 52, 55),
(2147, 52, 52),
(2148, 52, 49),
(2149, 52, 39),
(2150, 52, 41),
(2151, 52, 43),
(2152, 52, 102),
(2153, 52, 60),
(2154, 52, 84),
(2155, 52, 101),
(2156, 52, 99),
(2157, 52, 68),
(2158, 52, 69),
(2159, 52, 76),
(2160, 52, 64),
(2161, 52, 98),
(2162, 52, 71),
(2163, 52, 87),
(2164, 52, 97),
(2165, 52, 61),
(2166, 52, 66),
(2167, 52, 93),
(2168, 52, 83),
(2169, 52, 106),
(2170, 52, 104),
(2171, 52, 108),
(2172, 52, 107),
(2173, 52, 109),
(2174, 53, 4),
(2175, 53, 7),
(2176, 53, 8),
(2177, 53, 1),
(2178, 53, 2),
(2179, 53, 5),
(2180, 53, 3),
(2181, 53, 10),
(2182, 53, 46),
(2183, 53, 47),
(2184, 53, 23),
(2185, 53, 48),
(2186, 53, 19),
(2187, 53, 53),
(2188, 53, 11),
(2189, 53, 38),
(2190, 53, 35),
(2191, 53, 27),
(2192, 53, 18),
(2193, 53, 22),
(2194, 53, 31),
(2195, 53, 55),
(2196, 53, 41),
(2197, 53, 43),
(2198, 53, 45),
(2199, 53, 16),
(2200, 53, 15),
(2201, 53, 30),
(2202, 53, 60),
(2203, 53, 84),
(2204, 53, 101),
(2205, 53, 75),
(2206, 53, 68),
(2207, 53, 103),
(2208, 53, 76),
(2209, 53, 64),
(2210, 53, 98),
(2211, 53, 71),
(2212, 53, 85),
(2213, 53, 87),
(2214, 53, 97),
(2215, 53, 78),
(2216, 53, 61),
(2217, 53, 66),
(2218, 53, 93),
(2219, 53, 63),
(2220, 53, 57),
(2221, 53, 62),
(2222, 53, 58),
(2223, 53, 106),
(2224, 53, 108),
(2225, 53, 107),
(2226, 53, 109);

-- --------------------------------------------------------

--
-- Table structure for table `user_admins`
--

CREATE TABLE IF NOT EXISTS `user_admins` (
  `id` int(11) NOT NULL AUTO_INCREMENT,
  `login_id` int(11) NOT NULL,
  `admin_level` int(11) NOT NULL,
  PRIMARY KEY (`id`)
) ENGINE=InnoDB  DEFAULT CHARSET=latin1 AUTO_INCREMENT=2 ;

--
-- Dumping data for table `user_admins`
--

INSERT INTO `user_admins` (`id`, `login_id`, `admin_level`) VALUES
(1, 0, 1);

-- --------------------------------------------------------

--
-- Table structure for table `user_admin_levels`
--

CREATE TABLE IF NOT EXISTS `user_admin_levels` (
  `id` int(11) NOT NULL AUTO_INCREMENT,
  `admin_level_name` varchar(100) NOT NULL,
  PRIMARY KEY (`id`)
) ENGINE=InnoDB  DEFAULT CHARSET=latin1 AUTO_INCREMENT=5 ;

--
-- Dumping data for table `user_admin_levels`
--

INSERT INTO `user_admin_levels` (`id`, `admin_level_name`) VALUES
(1, 'System Administrator'),
(2, 'PDC User'),
(3, 'Lecturer'),
(4, 'Senior Lecturer');

-- --------------------------------------------------------

--
-- Table structure for table `user_company_users`
--

CREATE TABLE IF NOT EXISTS `user_company_users` (
  `id` int(11) NOT NULL AUTO_INCREMENT,
  `login_id` int(11) NOT NULL,
  `company_id` int(11) NOT NULL,
  PRIMARY KEY (`id`),
  KEY `company_id` (`company_id`)
) ENGINE=InnoDB  DEFAULT CHARSET=latin1 AUTO_INCREMENT=2 ;

--
-- Dumping data for table `user_company_users`
--

INSERT INTO `user_company_users` (`id`, `login_id`, `company_id`) VALUES
(1, 61, 2);

-- --------------------------------------------------------

--
-- Table structure for table `user_logins`
--

CREATE TABLE IF NOT EXISTS `user_logins` (
  `id` int(11) NOT NULL AUTO_INCREMENT,
  `object_type` int(11) NOT NULL,
  `username` varchar(50) NOT NULL,
  `password` varchar(50) NOT NULL,
  `first_name` varchar(100) NOT NULL,
  `last_name` varchar(100) NOT NULL,
  `email_address` varchar(255) NOT NULL,
  `telephone_number` varchar(20) NOT NULL,
  PRIMARY KEY (`id`),
  KEY `object_type` (`object_type`)
) ENGINE=InnoDB  DEFAULT CHARSET=latin1 AUTO_INCREMENT=62 ;

--
-- Dumping data for table `user_logins`
--

INSERT INTO `user_logins` (`id`, `object_type`, `username`, `password`, `first_name`, `last_name`, `email_address`, `telephone_number`) VALUES
(1, 3, 'admin', '123', 'Admin', 'User', 'aftha.jaldin88@gmail.com', '+94-774-422980'),
(2, 2, 'anuradhi.weerasinghe', '123', 'Anuradhi', 'Weerasinghe', 'au.maheshya@ieee.org', '+94-712-773570'),
(3, 2, 'aruni.bandara', '123', 'Aruni', 'Bandara', 'akbandara21@gmail.com', '+94-714-716869'),
(4, 2, 'aftha.jaldin', '123', 'Aftha', 'Jaldin', 'aftha.jaldin88@gmail.com', '+94-774-422980'),
(5, 2, 'banu.liyanapathirana', '123', 'Banu', 'Liyanapathirana', 'manupriyabanu@gmail.com', '+94-718-196237'),
(6, 2, 'buddhi.de.silva', '123', 'Buddhi', 'De Silva', 'gbidsilva@gmail.com', '+94-775-033983'),
(7, 2, 'chamali.waduge', '123', 'Chamali', 'Waduge', 'chamalikw@gmail.com', '+94-774-653771'),
(8, 2, 'chandima.fernando', '123', 'Chandima', 'Fernando', 'chandimafdo@gmail.com', '+94-779-206531'),
(9, 2, 'chathumi.perera', '123', 'Chathumi', 'Perera', 'chathumi001@gmail.com', '+94-717-871403'),
(10, 2, 'chathurika.lakmali', '123', 'Chathurika', 'Lakmali', 'kgclakmali@gmail.com', '+94-716-444262'),
(11, 2, 'dawpadee.kiriella', '123', 'Dawpadee', 'Kiriella', 'kiriella.dawpadee@gmail.com', '+94-714-411801'),
(12, 2, 'dayan.kulatunga', '123', 'Dayan', 'Kulatunga', 'dayankulatunga@gmail.com', '+94-716-522068'),
(13, 2, 'dilini.madushika', '123', 'Dilini', 'Madushika', 'dilinimadushika89@gmail.com', '+94-718-583872'),
(14, 2, 'dilini.muthumala', '123', 'Dilini', 'Muthumala', 'diliniasanga@gmail.com', '+94-713-400029'),
(15, 2, 'dinuni.fernando', '123', 'Dinuni', 'Fernando', 'dinuni.fernando@gmail.com', '+94-714-293337'),
(16, 2, 'hashan.silva', '123', 'Hashan', 'Silva', 'hashan.silva@gmail.com', '+94-770-668792'),
(17, 2, 'ifancy.ariaratnam', '123', 'Ifancy', 'Ariaratnam', 'avifancy@gmail.com', '+94-773-987071'),
(18, 2, 'janitha.karunawallabha', '123', 'Janitha', 'Karunawallabha', 'janitharasanga@gmail.com', '+94-774-521340'),
(19, 2, 'jinadi.dahanayaka', '123', 'Jinadi', 'Dahanayaka', 'jinadikd@gmail.com', '+94-716-496139'),
(20, 2, 'lakkhana.mallikarachchi', '123', 'Lakkhana', 'Mallikarachchi', 'tlmallik@gmail.com', '+94-715-956225'),
(21, 2, 'madhawa.bandara', '123', 'Madhawa', 'Bandara', 'madhawa.mb@gmail.com', '+94-777-487726'),
(22, 2, 'madhawa.gunasekara', '123', 'Madhawa', 'Gunasekara', 'madhawaudayakantha@gmail.com', '+94-717-134341'),
(23, 2, 'madhujith.kariyapperuma', '123', 'Madhujith', 'Kariyapperuma', 'madhujithac@gmail.com', '+94-713-435053'),
(24, 2, 'madusanka.balasooriya', '123', 'Madusanka', 'Balasooriya', 'madusankabalasooriya@gmail.com', '+94-778-686750'),
(25, 2, 'malinga.alwis', '123', 'Malinga', 'Alwis', 'randika.malinga@gmail.com', '+94-774-192561'),
(26, 2, 'mihan.liyanage', '123', 'Mihan', 'Liyanage', 'mihan070@gmail.com', '+94-712-770783'),
(27, 2, 'milani.athapattu', '123', 'Milani', 'Athapattu', 'mileee1000@gmail.com', '+94-716-034982'),
(28, 2, 'naduni.gunathilake', '123', 'Naduni', 'Gunathilake', 'gnaduni@gmail.com', '+94-715-150624'),
(29, 2, 'nayomi.wickramasekara', '123', 'Nayomi', 'Wickramasekara', 'nayomi122@gmail.com', '+94-771-223929'),
(30, 2, 'nelka.perera', '123', 'Nelka', 'Perera', 'inoshinidtn@gmail.com', '+94-713-978315'),
(31, 2, 'niluka.thilakarathna', '123', 'Niluka', 'Thilakarathna', 'nilu.nmt@gmail.com', '+94-774-522734'),
(32, 2, 'nipun.de.silva', '123', 'Nipun', 'De Silva', 'nipundesilva@live.com', '+94-779-508223'),
(33, 2, 'nisansala.liyanage', '123', 'Nisansala', 'Liyanage', 'liyanagenn@gmail.com', '+94-718-246127'),
(34, 2, 'nuwan.chathuranga', '123', 'Nuwan', 'Chathuranga', 'nuwanchathuranga.t@gmail.com', '+94-788-541107'),
(35, 2, 'pabitha.teldeniya', '123', 'Pabitha', 'Teldeniya', 'wpabitha@gmail.com', '+94-718-886949'),
(36, 2, 'pankajan.chanthirasegaran', '123', 'Pankajan', 'Chanthirasegaran', 'cpankajan@gmail.com', '+94-712-926347'),
(37, 2, 'pasan.de.silva', '123', 'Pasan', 'De Silva', 'epmdesilva@gmail.com', '+94-777-302716'),
(38, 2, 'pubudu.sandaruwani', '123', 'Pubudu', 'Sandaruwani', 'psandaru@gmail.com', '+94-770-658208'),
(39, 2, 'ruwan.wickramarachchi', '123', 'Ruwan', 'Wickramarachchi', 'rtwickramarachchi@gmail.com', '+94-777-487727'),
(40, 2, 'sachith.senevirathna', '123', 'Sachith', 'Senevirathna', 'sachithsenevirathna@yahoo.com', '+94-714-156910'),
(41, 2, 'sahan.udana', '123', 'Sahan', 'Udana', 'sahanudana1@gmail.com', '+94-717-126648'),
(42, 2, 'sandunika.wijerathne', '123', 'Sandunika', 'Wijerathne', 'swijerathne35@gmail.com', '+94-718-292746'),
(43, 2, 'sanjaya.amarasinghe', '123', 'Sanjaya', 'Amarasinghe', 'mailme@sanjaya.me', '+94-719-417343'),
(44, 2, 'sashika.rangoda', '123', 'Sashika', 'Rangoda', 'sashikarangoda1@gmail.com', '+94-712-536946'),
(45, 2, 'sashika.wijesinghe', '123', 'Sashika', 'Wijesinghe', 'sashimw@gmail.com', '+94-774-537487'),
(46, 2, 'shyama.chandani', '123', 'Shyama', 'Chandani', 'shyama3000@gmail.com', '+94-779-661473'),
(47, 2, 'sumeda.viduranga', '123', 'Sumedha', 'Viduranga', 'hbsumeda@gmail.com', '+94-725-505347'),
(48, 2, 'suranga.gunawardhana', '123', 'Suranga', 'Gunawardhana', 'suranga.dwg@gmail.com', '+94-776-431135'),
(49, 2, 'tharindu.gunasekara', '123', 'Tharindu', 'Gunasekara', 'jgtharindu@gmail.com', '+94-714-771759'),
(50, 2, 'thilini.wijesiriwardene', '123', 'Thilini', 'Wijesiriwardene', 'amthiliniiw@gmail.com', '+94-777-487728'),
(51, 2, 'vajisha.wanniarachchi', '123', 'Vajisha', 'Wanniarachchi', 'vajishaw@gmail.com', '+94-772-346202'),
(52, 2, 'vinod.kavinda', '123', 'Vinod', 'Kavinda', 'vinok88@gmail.com', '+94-783-495877'),
(53, 2, 'yasasri.sampath', '123', 'Yasasri', 'Sampath', 'yasaucsc@gmail.com', '+94-783-495859'),
(61, 5, 'shazmie.adjumain', '123', 'Shazmie', 'Adjumain', 'sshazmie@virtusa.com', '+94-772016936');

-- --------------------------------------------------------

--
-- Table structure for table `user_students`
--

CREATE TABLE IF NOT EXISTS `user_students` (
  `id` int(11) NOT NULL AUTO_INCREMENT,
  `login_id` int(11) NOT NULL,
  `degree_program_id` int(11) NOT NULL,
  `executive_summary` text NOT NULL,
  `research_project_title` text NOT NULL,
  `research_project_desc` text NOT NULL,
  `cv_file_name` varchar(255) NOT NULL,
  PRIMARY KEY (`id`),
  KEY `degree_program_id` (`degree_program_id`),
  KEY `login_id` (`login_id`)
) ENGINE=InnoDB  DEFAULT CHARSET=latin1 AUTO_INCREMENT=54 ;

--
-- Dumping data for table `user_students`
--

INSERT INTO `user_students` (`id`, `login_id`, `degree_program_id`, `executive_summary`, `research_project_title`, `research_project_desc`, `cv_file_name`) VALUES
(2, 2, 1, 'Highly motivated researcher who is a self-starter and capable of effectively functioning with minimum supervision.Able to negotiate and problem solve quickly, accurately, and efficiently. Adept at multitasking to achieve individual and team goals. Reliable, hard \r\nworking, and dedicated team player who works well under pressure. Fast learner and capable of transferring knowledge to others. Ability to grasp new technologies and methodologies as required.\r\n', 'Modeling and Simulation of Wind-driven Ocean Waves for a Naval Tactical Training System.\r\n', 'The main purpose my research is to simulate the geometrical changing process of ocean waves according to the variations of wind conditions, by designing a new mathematical model using computational fluid dynamics and ocean wave spectrum (hybrid model). It also provides physically meaningful interaction information sufficiently rapid to be integrated into a naval training simulator by managing the underlying physics of natural phenomena by using user experiences/perception as an input to the wave model.', ''),
(3, 3, 1, 'My objective is to become a highly skilled professional in the field of computer programming and vision with the practical usage of computer science knowledge reinforced with my skills and contribute to the team, employed institute and the betterment of mankind.', 'Seamless Real Time 3D Image Stitching Using Scale Invariant Features.', 'Applying mask considering identified SIFT features to the frames of 3D videos in order to get a seamless view after projecting the video streams using a 3D ready projector. Trying out the solution for real time videos too and use in simulations to create panoramas using multiple projectors with further improvements.\r\n\r\nTechnologies used: Directx 9.0, Visual Studio IDE, C++, Matlab', 'Aruni_Bandara.pdf'),
(4, 4, 2, 'I am an ICT undergraduate with experience in web design & development, customer service and radio broadcasting. I am a highly-motivated, goal-oriented individual able to work in a team environment to accomplish targets and business objectives.  My analytical skills are my forte. I excel at communicating and getting the job done, whatever it may be. When presented with a problem, I believe that understanding it is of the utmost importance.  I learn fast, adapt efficiently and plan to succeed. A team player at heart, my attitude is always my strong suit and I strive to catalyse my colleagues in the workplace.', 'A Decision Support System for the management of Transportation Information for Public Transport in Developing Countries', 'Public Transportation Management in developing countries presents a more challenging environment than its counterpart in developed nations. And, as in any Public Transport System, the Scheduling Process provides the framework in which the Transport Service operates. It is responsible for the formulation of timetables, vehicle and crew scheduling, and crew rostering. Although this is the most important part of the transport system, it is the most difficult to manage. The varied inputs to the process, the lack of proper infrastructure and improper technology and processes available all lead to a unique problem in terms of Public Transportation Management in a developing country. Therefore it is imperative for a system to cater to these limitations and meet the demands of a developing country specifically. My research prototype proposes an alternative system to aid the Schedulers in their capacity to formulate timetables and schedule vehicles and crew. The system will also act as an information portal to commuters to obtain information about transport modes and associated routes as well as other related information. The project uses the case of the Western Province Bus Transportation System in Sri Lanka as an example to draw conclusions regarding the proposed information system.', 'Aftha_Jaldin.pdf'),
(5, 5, 1, 'Maximize my capabilities on Software engineering, using modern technologies and contribute to create innovations with successful methodologies.\r\n', 'Text to Sign Language Interpreter for Sinhala Language (TSLI)', 'This is my 4th  year individual research project. The main objective of this research is to fill the gap between deaf and non-deaf people using TSLI. TSLI System will convert Sinhala text into Sinhala sign language by analyzing the morphological features of a given text. Identified word components are mapped with corresponding signs and concatenated to get the final output. TSLI supports Sinhala Unicode and if there no sign is available, system will be automatically finger-spelled.', 'Banu_Liyanapathirana.pdf'),
(6, 6, 2, 'I worked at Virtusa for 8 months as a trainee software engineer (intern) and currently I am a final (4th) year student at UCSC. I am specialized in enterprise application development with technologies such as EJB (Enterprise Java Beans) and JPA (Java Persistence API). I am a Sun certified Java Programmer and have already followed courses for Oracle certified Web Component Developer and Oracle certified Business Component Developer exams at ICBT.', 'Project Pheonix - ICT Enabled Solution for Dynamic Resource Scheduling in Forest Fire Situations.\r\n', 'This project is mainly focused on improving the performance of resource scheduling during forest fire situations in Sri Lanka by managing and mapping available resources dynamically for requests (which will be generated from risk entities) in any given time and thereby reduce the damage which will happen to the environment.\r\n', 'Buddhi_De_Silva.pdf'),
(7, 7, 2, 'Enthusiastic character to explore and to widen the knowledge in ICT, and willing to acquire a challenging position, with an opportunity to progress and provide leadership in a demanding and challenging work environment. Thorough subject knowledge together with the practical experience I am ready to take any\r\nchallenge in this dynamic field of ICT.', 'Hasarel - ICT Based Solution to Improve Social Skills of Autistic Children', 'Autism is a complex developmental disorder distinguished by difficulties with social interaction, verbal and nonverbal communication, and behavioral problems, including repetitive behaviors and narrow focus of interest. There are significant number of Autistic children in Sri Lanka. Our research is to identify features of Autistic children and to provide them an ICT based solution to overcome the disease. \r\nHere we are concerning providing them a game based environment in an interactive manner to learn behavioral skills with social scenarios.', 'Chamali_Waduge.pdf'),
(8, 8, 1, 'About Me : \r\nAbility to visualize a given problem.\r\nThink hard on a problem until a suitable solution is arrived.\r\nGood understanding on computer science concepts.\r\nDespite failures, ability to try out different methods in order to arrive at the optimal.\r\nFast learner , Team worker.\r\n\r\nObjectives :\r\nGather deeper knowledge on computer science theory.\r\nAchieve career success on computer science research.\r\nBe a Computer Scientist and work for a top research position in a world class company.', 'Topic Model Approach to Lyrics Based Song Classification\r\n', 'Topic Model is a statistical model for identifying latent topics in a\r\nlarge document collection.\r\nThe latest development is Latent Dirichlet Allocation(LDA).\r\nThe research will use LDA model to uncover the latent topics in song lyrics and ultimately will classify them according to a set of moods.', 'Chandima_Fernando.pdf'),
(9, 9, 1, 'I may introduce myself as an innovative and hard working character. I am good at analysing things, learning, and providing innovative ideas. I am willing to achieve an opportunity which can enhance my challenging skills and provide a gateway for my career development in the field of Information Technology and Management while utilizing my skills to help such a reputed organization to achieve the best solution in business world.', 'Privacy Enhanced Data Sharing Model for Smart Phones in a Distributed environment.', 'This project proposes the smart phones to co-operate and share sensor data to form a distributed database.\r\nThis research will address the issues in peer-to-peer systems such as;\r\n How smart phones can share sensed data with each other without incurring a high cost? In here the available methods for smart phone communication will be analyzed to identify the best solution.\r\n The other issue is the accessibility what? What sensed data can be accessed by the requester. The receiver can be able to avoid the full or partial request if he is not willing to send them to the requester. More over the time for replying for the sensor query can also be controlled by the mobile owner.\r\nThis user can share his sensed data with only the requested party and access can be controlled for the users in the network according to the willingness of the user.\r\n Finally their should be a proper authentication mechanism to identify the authenticated people in the network to share the sensed data.', 'Chathumi_Perera.pdf'),
(10, 10, 2, 'Interested in achieving a suitable placement in an organization in order to utilize and improve my skills, knowledge and experiences.', 'Use of Information and Communication Technology (ICT) in preventing suicide ideation.', 'Suicide is a major problem not only in Sri Lanka, but also in the world. Suicide ideation is the first identified stage in the suicide process. Also there is a higher chance of eliminating suicidal risk at this stage. We research on current status of suicides in Sri Lanka, suicide process, where and how ICT can help.', 'Chathurika_Lakmali.pdf'),
(11, 11, 2, 'To be a better IT professional and successful innovator contributing to achieve organizational goals and objectives while improving my knowledge.', 'Swaraloka', 'Adaptive Music Score Trainer for Visually Impaired in Sri Lanka', 'Dawpadee_Kiriella.pdf'),
(12, 12, 2, 'To take a challenging role of a reputed organization to achieve its objectives by utilizing the maximum of myskills and competencies while expanding my knowledge and career achievements.', 'Non Invasive Human Stress Detection Using Key Stroke Dynamics and Key Stroke Pattern Variations', 'Currently we are working on this research to identify whether human stress can be detected through keystroke dynamics and keystroke pattern variations. As a solution we propose a personalized approach in detecting each individual''s level of stress by creating individual key stroke pattern profiles.', 'Dayan_Kulatunga.pdf'),
(13, 13, 1, 'An enthusiastic self-starter with strong leadership and communication skills. Proven academic and curricular achievements, and possess the right technical and soft skills required to propel the organization achieving its goals and objectives.', 'Inertial Sensor based Indoor Navigation System', 'The aim of the research is to investigate possible ways of accurately model and identify a human position in an indoor environment. Position tracking is done using phone inertial sensors (accelerometer, gyroscope and magnetometer) and is based on the pedestrian dead reckoning approach where the displacement of the user from an initial position is considered in updating the user position. As the output, the path that the user went is displayed on a map. Data collection is done using Java (Android platform) and signal processing is done in Matlab.', 'Dilini_Madushika.pdf'),
(14, 14, 1, 'Being highly passionate on Computer Science, I look forward for a challenging Software Engineer position, in a team, that will not only allow me to contribute my knowledge and skills, but also drive me to\r\nseek for new knowledge.', 'Optimizing Concurrent Queries in Wireless Sensor Networks', 'In a shared Wireless Sensor Network (WSN) users may pose concurrent queries to the network. However, unlike in traditional database context, concurrency seems to be advantageous in WSN\r\ncontext.\r\n\r\nOn the other hand, query optimization is vital in WSNs, due to the energy-constrained nature of those. Thus, the objective of this research is to reduce energy consumption of WSNs, through query optimization, by taking concurrency as an advantage.', 'Dilini_Muthumala.pdf'),
(15, 15, 1, 'An enthusiastic, adaptive and fast-learning person with a broad and acute interest in the discovery of new innovative possibilities of research and out of box thinker, I particularly enjoy collaborating with researches from different disciplines to develop new skills and solve new challenges and a good team player.', 'Mathematical model for real-time radar in 3D maritime environment\r\n', 'This is a  mathematical model for radar simulation in 3D maritime environment with dynamic perceptions of the 3D environment. Proposed approach takes the 3D environment as the input and maps the objects via studying electromagnetic wave properties. It captures the surrounding and gives the 2D visualization of the 3D environment as the end result. In the dynamic environment perception radar hosted vessel is considered to be static while other vessels in the environment are considered to be moving. This approach uses efficient techniques to achieve a 2D visualization of the 3D environment by embedding optical phenomena namely reflection, refraction, polarization , attenuation and Doppler frequency shift in wave propagation.\r\n', 'Dinuni_Fernando.pdf'),
(16, 16, 1, 'My objective is to work with an Organization which has the ability to utilize my talents and experience to its fullest, and has the capacity to help me grow, both professionally & personally, to the maximum\r\n', 'Automated Constructing an e-Profile from Web Contents for Academia\r\n', 'Constructing an profile from extracted web content for the persons in academia\r\n', 'Hashan_Silva.pdf'),
(17, 17, 1, 'Fresh undergraduate with outstanding academic credentials\r\nGood team player and extremely fast learner\r\nSeek new challenges to further enhance my knowledge, technical skills and soft skills \r\nMore passionate towards the area of Artificial Intelligence \r\nAbility to meet deadlines while maintaining a high standard of work', 'Towards A Shallow Parser for Tamil (Partial Parsing: POS Tagging, Chunking, Dependency Parsing)', 'To provide some machine understanding of the syntactic structure of the natural language sentence without generating a complete parse tree. It is useful in Information extraction, Speech synthesis, and Machine translation.\r\nUsed Languages and Tools - Java, Maximum Entropy framework, Natural Language Toolkit', 'Ifancy_Ariaratnam.pdf'),
(18, 18, 2, 'An Information and Communication Technology (ICT) undergraduate who is keen to find a position as a Business Analyst, Quality Assurance Engineer or Project Manager. Reliable, trustworthy, creative and meticulous. Worked for a private software company last year and gained a good understanding of what is required of an IT professional. Able to work on own initiative or as part of a team and can deal with administrative duties competently.\r\n', 'A Novel Approach to Optimize Crime Investigation Process Using Palmprint Recognition', 'Partial-to-full palmprint matching has attracted the attention of experts in print identification and researchers in palmprint matching. An efficient partial palmprint identification approach can increase the efficiency of the criminal investigation process in Sri Lanka as well as in other countries. \r\nAs the final year research project I and two other colleagues investigate the existing researches done so far in order to achieve the challenges and limitations in palmprint matching and suggest an efficient approach for partial palmprint identification. This research also proposes a novel partial palmprint segmentation and classification methodology after undertaking proper partial palmprint data analysis.', 'Janitha_Karunawallabha.pdf'),
(19, 19, 1, 'A learning enthusiastic person who is willing to work in a challenging environment to research and develop, using the skills and knowledge for the betterment of the organization and the rest of the mankind.\r\n', 'Named Entity Recognition for Sinhala Language\r\n', 'When considering many of the Natural Language Processing(NLP) related areas, the recognition of Named Entities was discussed as one of the most common and important subtask. The goal of my research is to find out an improved solution for Named Entity Recognition for Sinhala using various data driven techniques and do evaluation among those techniques. It will be the initial stone for most of the NLP related tasks for Sinhala Language. \r\nData driven techniques using: Maximum Entropy, Conditional Random Fields, SVM, HMM', 'Jinadi_Dahanayaka.pdf'),
(20, 20, 1, 'I am willing to solve challenging problems which will be beneficial to society using my knowledge in computer science while further improving my knowledge and skills.\r\n', 'Image reconstruction to identify license plate numbers in low resolution videos\r\n', 'Focused on finding a statistical model to improve the video frames of surveillance camera videos in order to visually identify license plate numbers. The targeted number plates are very small (10x20px) where the numbers are not identifiable visually.\r\n', 'Lakkhana_Mallikarachchi.pdf'),
(21, 21, 1, 'My passion for Computer Science and long term experience in sports have given me the ability to push my capabilities beyond limits to solve problems and achieve targets in challenging environments as a self-motivated individual as well as a team player.\r\nI Intend to apply my experience, knowledge and skills in Scientific Research, Computer Science and Software Engineering to achieve organizational goals of the company I work for.', 'Investigation of Mixed Mode Programming on GPU Clusters for Matrix-Matrix Multiplication', 'Research objective is to investigate which mixed programming modes (e.g. MPI+CUDA, UPC+CUDA...etc)  give better results on a GPU cluster. Matrix multiplication is used as a case study.\r\n', 'Madhawa_Bandara.pdf'),
(22, 22, 1, 'Joining a progressive firm, this will make use of my talents and experience as a Software Engineer. I believe that my technical, functional and communication skills will enable me in facing the challenging career ahead.\r\n', 'Investigating the Relationship Between Facial Images in Different Poses\r\n', 'The aim of this image processing research project is to develop a face recognition system in order to build a relationship between 2D face images of the same person with different poses. The ways in which a person''s facial feature points change according to his or her pose is considered in this investigation. \r\n\r\nTechnologies: Matlab/ openCV', 'Madhawa_Gunasekara.pdf'),
(23, 23, 1, 'I''m Currently an undergraduate in University of Colombo School of Computing and I enjoy working in an esteemed organization where acquired education and skills will be utilized towards continuous growth and advancement.\r\n', 'Automated Drinking Action Recognition in videos. (Computer Vision)\r\n', 'Many of the human actions are combined with objects in semantic ways. To recognize such actions it is important to detect action, detect objects and identify the relationship with the object and the action. This research project explores how to identify the relationship between cylindrical object and human action to detect "drinking" action accurately.\r\n', 'Madhujith_Kariyapperuma.pdf'),
(24, 24, 1, 'To become an asset to a software development company and work in a competitive environment where my knowledge and technical skills will be in greater use and thereby achieve company goals.\r\n', 'An Empirical Study of The Behaviour of Web Services on Enterprise Service Bus\r\n', 'There are two choices when connecting to an Enterprise Service Bus (ESB) with web services, which are SOAP and RESTful web services. The features of an ESB can be different for these web services in terms of CPU usage, memory usage, mean response time and throughput. In this research, the core features of an ESB are empirically studied and statistically analyzed with respect to web services.\r\n', 'Madusanka_Balasooriya.pdf'),
(25, 25, 1, 'I intend to obtain a dynamic IT professional position allowing me to apply the IT skills and experience I have gained to a maximum extent. I have a passion for working with new technologies and applying my full potential to any work I undertake.\r\n', 'A Middleware for Energy Effective Hybrid Execution in Mobile Cloud Computing.\r\n', 'Investigated a methodology for mobile platforms to perform processing tasks energy effectively in hybrid manner by using shared amounts of mobile and cloud resources.\r\n', 'Malinga_Alwis.pdf'),
(26, 26, 1, 'Dedicate my IT competence to a software engineering position that demands proficiency in modern development technologies and thorough understanding of design concepts.\r\n', 'Transactions on Shared Peer to Peer Dataspace\r\n', 'Model introduces middleware platform which enables the transactional operations in the shared p2p dataspace. Tuples are stored (located) in the local storage of the each node. Although tuples are in various places, peer to peer communication model helps to create abstract, virtual centralized storage to perform computation. To perform transaction tuple location has to be identified and that is done by using bloom filters. Transactions are implemented with basic transactional properties.\r\n', 'Mihan_Liyanage'),
(27, 27, 1, 'Proficient in prioritizing and completing tasks in a timely manner, yet flexible to multitask when necessary. Enjoys learning new programs and technical stuffs. A team player who is attentive to detail and able to work in a fast paced environment. Self learner and capable of applied knowledge in practically any situation.\r\n', 'Automated Process of Identifying Tuberculosis in Ziehl Neelsen Stain\r\n', 'Develop an automated digital image analysis system for identification of the Mycobacterium Tuberculosis bacteria in a given smear after ZiehlNeelsen stain by using direct light microscopy. Computer Vision technology based method is used in this research project.\r\n', 'Milani_Athapattu.pdf'),
(28, 28, 1, 'Software engineer with a proven record of team work, system design, and development, with object-oriented software development using C++ and Java. Passionate about agile software development practices and willing to apply my full potential to work through the effective use of knowledge, information, and communication with the inclination to learn new technologies.\r\n', 'Autonomous Surrounding Ship Navigation In Virtual Maritime Environments\r\n', 'Intelligent navigation of surrounding vessels other than the trainees ship in a virtual maritme environment enriches the realism of marine simulations. By automating the navigation with sufficient intelligence, it is possible to create an effective environment for the training with less instructor involvement. \r\nThe autonomous navigation can be augmented by applying real AIS data gathered from real ships in real sea environment and a suitable collision avoidance mechanism need to be integrated with the system to obtain the intelligence.', ''),
(29, 29, 1, 'A self-motivated and a committed character with excellent interpersonal skills which will enable to get along with work colleagues and the leadership skills, possessing excellent job knowledge through academic and professional qualifications with communication skills and having the ability to communicate project matters effectively, is currently seeking for career advancement as an Software Engineer.\r\n', 'Mitigation of Breast Cancer Deaths using Data Mining Techniques : In Sri Lankan Context', 'In mitigation of breast cancer deaths, in order to aid clinicians, recent research has looked into the development of computer aided tools. Currently there are available data mining solutions for mitigation of breast cancer deaths which have observed a highly acceptable accuracy for the analysis of various applied classification techniques on breast cancer data. Since Sri Lankan breast cancer data get differs from other countries especially from United States, the available solutions may not be suitable to be applied to Sri Lanka. Therefore the ultimate goal of this research is to come up with a breast cancer risk model that will be suitable to the Sri Lankan context.\r\n', 'Nayomi_Wickramasekara'),
(30, 30, 1, 'I have the ability to visualize business problems and offer well designed maintainable solutions with deep understanding of core computer science concepts. I am a fast learner and have the capability to grasp new technologies and methodologies as required. I would like to dedicate my IT competence to a software engineering position that demands proficiency in modern development technologies and thorough understanding of design concepts.\r\n', 'Dynamic Access Control Mechanism for Shared Wireless Sensor Networks\r\n', 'An access controlling mechanism for shared wireless sensor networks which enables only authorized users to obtain data from the network only in accessible time durations for those data. It is implemented in C on TikiriDB using Contiki development environment and Cooja simulator.\r\n', 'Nelka_Perera.pdf'),
(31, 31, 1, 'I can introduce myself as a honest, self motivated and hardworking character with the ability to handle responsibilities, having a can-do attitude with the ability to learn fast, providing innovative ideas and build positive relationships with work colleagues at all levels. I am also willing to work and adapt into a competitive environment that would help to effectively utilize my analytical, leadership, interpersonal and organizational skills to conceive and achieve the best solution which would in turn help the organization to grow allowing me to enhance my skills as an individual and to act as a key player in the organization''s development.\r\n', 'A Hybrid Approach for Medical Decision Support and Critical Alerts of Chronic Patients.\r\n', 'A computer based approach which has capable of identifying and alerting potentially dangerous trends developing which would enable the physician to intervene early to prevent complications and supporting the clinician to make the most appropriate clinical decision in keeping with current best clinical evidence and guidelines. Implementation is based on AI technologies.\r\n', 'Niluka_Thilakarathna.pdf'),
(32, 32, 1, 'My aspiration is to gain entry and start a challenging career as a Software Developer that will allow me to expand my knowledge in IT field and contribute from the best of my ability for the good of the organization. Also, I enjoy taking up challenges which require good judgment, analytical skills, management skills and team work.\r\n', 'UCSC Learning Cloud: Technical and Pedagogical Validation of Cloud based Architecture for a Virtual Learning Environment\r\n', 'In this project a cloud hosted Software system is evaluated in order to find whether its possible get advantages over in house traditional non virtualized environment and evaluate private cloud scalability by using open source virtualization and cloud computing technologies. Xen is used as virtualization technology and OpenNebula is used as cloud computing software. The software system hosted in private cloud is Moodle CMS. It will be measured number of users that Moodle instance can cater in a cloud hosted system over a non-virtualized system and observe the scalability of the system in the cloud with concern to network bottle neck. If there will be technical benefits by using cloud based learning environment several eLearning applications will be implemented and pedagogical validation will be conducted.\r\n', 'Nipun_De_Silva.pdf'),
(33, 33, 1, 'I may introduce myself as a person who is self-motivated individual and really passionate about Computer Science. I am mainly interested in web development and android development and have a great desire towards augmented reality. While exposing myself to new technologies and learning new theories and concepts in Computer Science, I like to use my potential to the fullest to serve the company I am working. I have always enjoyed working as a team and look forward to have a great working experience.\r\n', 'Tactile Routing Cues for Blind Outdoor Navigation\r\n', 'Focused on investigating the feasibility of using tactile cues to assist visually impaired individuals to navigate to a required destination in outdoor environments while giving obstacle avoidance capability along the moving path. An Android application is used to track the user''s current position, orientation and rotation. Google Maps and inertial sensors of the mobile device are used in this purpose.  Vibro-tactile feedback controlled through Arduino micro-controller is used to guide the blind user ahead and to inform the user about the obstacles.\r\n', 'Nisansala_Liyanage.pdf'),
(34, 34, 1, 'I enjoy working in software firm, highly motivating position where I can assist others while challenging and expanding my knowledge and understanding of the task at hand. I am seeking a position that will utilize my skills and offer the chance for advancement as well as allow me the opportunity to gain additional skills and experience.\r\nI have three university project experience with 4th year research project, two project experience at eBeyonds Pvt Ltd and one Free Lancer Project.\r\n', 'Secure Routing for Mobile Ad Hoc Networks\r\n', 'Mobile Ad hoc Network (MANET) is a kind of wireless network which is formed by mobile nodes communicating with each other through wireless link without having fixed infrastructure. Each device in MANET is free to move independently in any direction and change its links to other devices frequency. Securing wireless ad hoc networks is a highly challenging issue. Understanding possible form of attacks is always the first step towards developing good security solutions. Security of communication in MANET is important for secure transmission of information. Absence of any central co-ordination mechanism and shared wireless medium makes MANET more vulnerable to digital/cyber-attacks than wired network there are a number of attacks that affect MANET. The main goal of this research project is to identify the malicious nodes in a MANET and provide a secure routing mechanism for the network to prevent routing attacks.\r\n', 'Nuwan_Chathuranga.pdf'),
(35, 35, 1, 'Work passionately and efficiently with new technologies and new working environments as a team player providing the best within me while encouraging others as well and also to give commitment to the work that I am assigned while making it my priority.\r\n', 'Towards language independent semi-automated tool for software refactoring\r\n', 'Main objective of this project is to optimize the quality of source code to increase the maintainability of software independent of the implemented language and evaluate the impact of software refactoring on development life cycle. We are on the process of developing an extension for eclipse IDE using eclipse PDE, java, XML to automate the process of software refactoring.\r\n', 'Pabitha_Teldeniya.pdf'),
(36, 36, 1, 'Self-motivated graduate to learn new technologies and solve novel problems. Quick learner and a good team player with the intention of sharing knowledge. Exposure in the industry and research disciplines with high degree of knowledge in various technologies. First class degree in Computer Science with mathematical background. Developed award winning applications and published research paper.\r\n', 'Towards a probability model for source code\r\n', 'Apply Document Modeling techniques from Natural Language Processing to source code to create data driven model that captures the quality of the source code.\r\n', 'Pankajan_Chanthirasegaran.pdf'),
(37, 37, 2, 'I am a disciplined and highly-motivated fresh graduate from UCSC with a special degree in B.Sc. ICT, who is looking forward to complete his CIMA qualification this November. A fluent communicator with strong investigation, problem-solving and decision-making skills, combined with a pragmatic approach and sound business acumen that is passionately waiting to pursue a business analysis oriented career.\r\n', 'Non Invasive Human Stress Detection Using Keystroke Dynamics and Pattern Variations\r\n', 'Recent developments in keystroke dynamics based affective computing and biometrics research proves that keystroke variations is a very powerful source of input that provides a valuable insight about an individual''s psychological and emotional states.\r\n\r\nOur research suggests a personalized approach in detecting stress levels through keystroke variations. An application specific, individual keystroke pattern profile is created for an individual based on his normal typing patterns. This profile consists of trained average values for a set of typing features. Real time stress specific deviations of these features are analyzed and classification techniques are applied to arrive at the individual stress level.\r\n\r\nOur Research paper Non Invasive Human Stress Detection Using Keystroke Dynamics and Pattern Variations was accepted as a full paper in the conference ICTer 2013', 'Pasan_De_Silva.pdf'),
(38, 38, 2, 'I am an impassioned fresh undergraduate of UCSC who is willing to take up challenges in fast growing Information Technology (IT) and Management industries. I have strong analytical and technical skills; therefore I am looking forward for an opportunity to dedicate my knowledge and skills for the continuous success of this reputed organization while serving to the IT industry and community.\r\n', 'A Model based Approach to Simulate Excess Water of Reservoirs in Sri Lanka.\r\n', 'The research is focused on the risk of floods due to spilling of reservoirs in Sri Lanka through a model based approach where operators can get in advance information of the reservoir water level while raining to the catchment and water releasing optimization decisions. Through this research we expect to prove the concept of how ICT can effectively address this issue and to create a number of significant avenues to continue researches to build a perfect system.\r\n', 'Pubudu_Sandaruwani.pdf'),
(39, 39, 1, 'A self-motivated and goal-driven person with good analytical skills. I am a fast learner with good searching skills and ever ready to adapt to new technologies. I''m a hardworking and dedicated team player who can work well under pressure with minimal supervision. I am interested in computational biology, swarm intelligence, pattern recognition and search space optimization algorithms.\r\n', 'Species-Specific Primer Design for Unique Identification of Closely-Related Species.\r\n', 'Investigating on a computational method to uniquely identify closely-related biological organisms(e.g. sub types of viruses and tumors, species of a particular gene family).Here we are trying to provide a design of a possible tool to generate primers/probes for PCR based  experiments. We further try to use search space optimization algorithms based on the swarm intelligence such as Particle Swarm Optimization(PSO) to computationally validate PCR primers generated by a possible tool.\r\n', 'Ruwan_Wickramarachchi.pdf'),
(40, 40, 2, 'Multi-faceted, efficient and reliable individual with more than 4 years of exposure in information technology with experience in all the phases of full SDLC lifecycle. Ability to work independently and organize workload with minimal direct supervision. Excellent communication, analytical, interpersonal, and presentation skills.\r\n', 'A Model based Approach to Simulate Excess Water of Reservoirs in Sri Lanka\r\n', 'This is an ongoing group research project consisting of three members. Our goal is to address the reservoir water overflow issue during heavy rain seasons, by building a mechanism to monitor water level in advance and identify optimum water release mechanisms. This conceptual model will be an effective communication mechanism for the users operating reservoirs, to take proper decisions in maintaining reservoir water levels and water releasing.\r\n', 'Sachith_Senevirathna.pdf'),
(41, 41, 1, 'To be make best contribution to the IT proficiency through creativity and knowledge in order to achieve company objectives.\r\n', 'Facial Expression Generation in 3D Space\r\n', 'Image Processing and Computer graphic research which exploring the capability of generating facial expressions to a given neutral 3D face mesh model.\r\n', 'Sahan_Udana.pdf'),
(42, 42, 2, 'I am an undergraduate of UCSC who is reading for the Bachelor of Science Information and Communication Technology. I am eagerly looking forward for an opportunity to improve my knowledge through facing challenges and exploring new technologies to serve the community and information technology industry.\r\n', '', 'Through this research we are exploring on possibilities of scheduling the resources dynamically at a forest fire situation which can also be generalized into other disaster situations as well. Therefore our objective is to develop an architecture which is consisted with three different modules for resource tracking, disaster spread estimation and dynamic resource allocation.\r\n', 'Sandunika_Wijerathne.pdf'),
(43, 43, 1, 'A tech enthusiast whose objective is to be highly skilled in the software field while giving the best contribution to the team, the company and towards the betterment of the mankind.\r\n', 'Computer Vision Based Approach for Object Detection and Location Estimation in a Maritime Environment\r\n', 'In this research a computer vision based approach to detect surface objects in a maritime environment and estimate locations and extract physical features of the detected objects is explored. Here the location estimation is done using only the visual data taken from a video camera using a mathematics model.\r\n', 'Sanjaya_Amarasinghe.pdf'),
(44, 44, 2, 'To be part of the organization to achieve its objectives by using the maximum of my skills and competencies while expanding my knowledge and achieving.\r\n', 'A Model Based Approach to Simulate Excess Water of Reservoirs in Sri Lanka\r\n', 'Main objective of this research is, mitigating the flood situations which is happen because of the inconsistent gate operations in reservoirs. This research is carried out finding an ICT based solution which can be addressed the above scenario.\r\n', 'Sashika_Rangoda.pdf'),
(45, 45, 2, 'My objective is to work in a responsible and challenging position of an organization where I can utilize my skills, knowledge and personality for the betterment of the organization and thereby achieve self-satisfaction. \r\n\r\nEnterprise Resource Planning systems is one of my favorite area that I like to work.', 'Use of ICT in preventing suicidal ideation\r\n', 'The objective of this research is to provide an optimal method to prevent suicidal ideation by improving the emotional well-being and mental health of people by listening to their concerns and help in improving their internal strengths. This is the first effort to implement an online help forum in Sri Lanka.\r\n', 'Sashika_Wijesinghe.pdf'),
(46, 46, 2, 'Bachelor of Science (ICT) graduate from University of Colombo School of Computing heading to be a Qualified Business Analyst with the objective to work as a business analyst in in an organization where I can maximize my quality of working and skills and to give my best effort and creativity to make my work to be value added and beneficial for the organization.\r\n', 'Swaraloka (Adaptive eastern music score trainer for visually impaired in Sri Lanka)\r\n', 'The research project is a study that tries to solve a problem in music industry, faced by visually impaired people in Sri Lanka. Further elaborating, to solve the problem they face in reading eastern music notation.  Through a literature survey and several questionnaires based surveys, audio format was identified as the most feasible and effective readable format to read music notations for visually impaired. The project presents a system to convert visual music notations (of Eastern music in Sri Lanka) into an audio output which gives visually impaired user the real feeling of reading the visual notation as it is, for the first time in Sri Lanka as well as in the world.\r\n', 'Shyama_Chandani.pdf'),
(47, 47, 1, 'Contributing to achieve organizational goals with maximum effort and flexibility using my knowledge, skills and competencies while achieving a career growth\r\n', 'A dynamic model for human face aging\r\n', 'Research Question: How is Human Face Aging affected by the wrinkling in the forehead region?\r\n\r\nAim: Design and implement a wrinkling model for human face aging by only \r\nconsidering wrinkling in the forehead region.\r\n\r\nExpected Contribution:  propose and evaluate an enhanced model for wrinkles \r\nbased on aging.', 'Sumeda_Viduranga.pdf'),
(48, 48, 2, 'My objective is to take a challenge and gain a good experience in any new field I work, while applying knowledge, skills and experiences which I have gained up to this stage, to contribute the achievement of goals of the organization which I work in\r\n', 'Non Invasive Human Stress Detection Using Key Stroke Dynamics & Key Stroke Variations\r\n', 'This is a group project conducted by three members. In this we consider about detecting human stress in a non invasive way with using interaction patterns of a computer user when he/she uses a computer keyboard. In this we use key logging techniques to gather keystroke data, macros for data analysis, classification networks. In addition to these things psychology is involved in this project as this is based on human stress. At the end of this research we hope to suggest a model which can be implemented as a software solution.\r\n', 'Suranga_Gunawardhana.pdf'),
(49, 49, 1, 'Seeking a position to utilize my skills and abilities in the Information Technology Industry that offers professional growth while being resourceful, innovative and flexible to combine my theoretical knowledge, skills and practical experience in Computer Systems and Software Engineering with the organizational perspectives.\r\n', 'Collaborative Inference Detection\r\n', 'Database Inference detection when many users are accessing the database. The system considers on a specific schema. The system expects to detect inference based on a deductive approach where consider both deterministic and non-deterministic data.\r\n', 'Tharindu_Gunasekara.pdf'),
(50, 50, 2, 'I am self motivated with good analytical and problem solving skills. I am focused, can work under minimum supervision and able to multitask when necessary. Human Computer Interaction, Data mining, System analysis and design and  Research methods are subject areas I am interested in.My interests and abilities are not limited to any specific technology but I am eager to learn new technologies.\r\n', 'A Novel Approach to Optimize Crime Investigation Process Using Palmprint Recognition\r\n', 'This project focuses on implementing a novel approach to palmprint matching through segmenting a human palm into pre-identified sectors. Real world data is being analyzed to identify the sectors and three matching algorithms will be evaluated against each other in order to identify the most efficient and effective algorithm.\r\n', 'Thilini_Wijesiriwardene.pdf'),
(51, 51, 2, 'I am passionate, dedicated, hard worker who strive for perfection. I believe I have the ability to concentrate on any given task and work hard as an individual as well as a team to complete it on time. I am intend to establish as a System Consultant to use my skills, knowledge and experiences towards the great success of the organization which I am working for and in turn ensuring personal growth within the organization.\r\n', 'A Novel Approach to Optimize Crime Investigation Process Using Palmprint Recognition\r\n', 'Partial-to-full palmprint matching has attracted the attention of experts in print identification and researchers in palmprint matching. An efficient partial palmprint identification approach can increase the efficiency of the criminal investigation process in Sri Lanka as well as in other countries.\r\nAs the final year research project I and two other colleagues investigate the existing researches done so far in order to achieve the challenges and limitations in palmprint matching and suggest an efficient approach for partial palmprint identification. This research also proposes a novel partial palmprint segmentation and classification methodology after undertaking proper partial palmprint data analysis.', 'Vajisha_Wanniarachchi.pdf'),
(52, 52, 1, 'A fresh graduate with sound education background, willing to accept challenges and work in variety of technologies. Resourceful team player and a leader with ability to deliver the best with research background. Strong understanding and practice of software development life-cycle and corporate environment with ability to generate effective solutions with good understanding of underlying technologies.\r\n', 'Ontology based Semantic enhancement of Web Services discovery\r\n', 'Since the number of Web Services available in  the web is growing rapidly, need for automatic service discovery methods is critical. \r\nHere I try to enhance the classical web services discovery method that uses UDDI by introducing a semantic layer using an ontology. Research areas included are Web Services, Semantic Web, Ontologies and Matchmaking.', 'Vinod_Kavinda.pdf'),
(53, 53, 1, 'Seeking a career challenge in a challenging atmosphere where I will use my profound skills, knowledge and abilities to contribute towards the growth of the company I work, with and to attach value to myself professionally. Work as an excellent Team Player who will drive the team towards the intended goal by providing reliability and efficiency in whatever the workload that is given to me, while helping others in the team.\r\n', 'Obstacle Classification through Acoustic Echolocation\r\n', 'Main intention of this research is to investigate a methodology to detect and classify the obstacles in a navigational path of a visually impaired person using acoustic echolocation. A sensor and Microcontroller embedded wearable cloth is invented in the research to get the sensor readings and to classify obstacles according to patterns identified at different obstacle classes. After identifying the obstacle classes the system will feedback information via tactile feedback methodology implemented in the wearable cloth. \r\n\r\nTechnologies used -\r\nMicro Controller Programming, Sensor Networks, Data Fusion Techniques, Pattern Recognition, Windows Mobile development / Android App development, Arduino Programming', 'Yasasri_Sampath.pdf');

--
-- Constraints for dumped tables
--

--
-- Constraints for table `obj_photos`
--
ALTER TABLE `obj_photos`
  ADD CONSTRAINT `obj_photos_ibfk_1` FOREIGN KEY (`related_object_type`) REFERENCES `object_types` (`id`) ON DELETE CASCADE ON UPDATE CASCADE;

--
-- Constraints for table `obj_skills`
--
ALTER TABLE `obj_skills`
  ADD CONSTRAINT `obj_skills_ibfk_1` FOREIGN KEY (`skill_type`) REFERENCES `obj_skill_types` (`id`) ON DELETE CASCADE ON UPDATE CASCADE;

--
-- Constraints for table `obj_students_companies`
--
ALTER TABLE `obj_students_companies`
  ADD CONSTRAINT `obj_students_companies_ibfk_1` FOREIGN KEY (`student_id`) REFERENCES `user_students` (`id`) ON DELETE CASCADE ON UPDATE CASCADE,
  ADD CONSTRAINT `obj_students_companies_ibfk_2` FOREIGN KEY (`company_id`) REFERENCES `obj_companies` (`id`) ON DELETE CASCADE ON UPDATE CASCADE;

--
-- Constraints for table `obj_students_edu_quals`
--
ALTER TABLE `obj_students_edu_quals`
  ADD CONSTRAINT `obj_students_edu_quals_ibfk_3` FOREIGN KEY (`school_id`) REFERENCES `obj_schools` (`id`) ON DELETE CASCADE ON UPDATE CASCADE,
  ADD CONSTRAINT `obj_students_edu_quals_ibfk_1` FOREIGN KEY (`student_id`) REFERENCES `user_students` (`id`) ON DELETE CASCADE ON UPDATE CASCADE,
  ADD CONSTRAINT `obj_students_edu_quals_ibfk_2` FOREIGN KEY (`edu_qual_id`) REFERENCES `obj_edu_quals` (`id`) ON DELETE CASCADE ON UPDATE CASCADE;

--
-- Constraints for table `obj_students_papers`
--
ALTER TABLE `obj_students_papers`
  ADD CONSTRAINT `obj_students_papers_ibfk_2` FOREIGN KEY (`paper_id`) REFERENCES `obj_papers` (`id`) ON DELETE CASCADE ON UPDATE CASCADE,
  ADD CONSTRAINT `obj_students_papers_ibfk_1` FOREIGN KEY (`student_id`) REFERENCES `user_logins` (`id`) ON DELETE CASCADE ON UPDATE CASCADE;

--
-- Constraints for table `obj_students_prof_quals`
--
ALTER TABLE `obj_students_prof_quals`
  ADD CONSTRAINT `obj_students_prof_quals_ibfk_3` FOREIGN KEY (`prof_institution_id`) REFERENCES `obj_prof_institutions` (`id`) ON DELETE CASCADE ON UPDATE CASCADE,
  ADD CONSTRAINT `obj_students_prof_quals_ibfk_1` FOREIGN KEY (`student_id`) REFERENCES `user_students` (`id`) ON DELETE CASCADE ON UPDATE CASCADE,
  ADD CONSTRAINT `obj_students_prof_quals_ibfk_2` FOREIGN KEY (`prof_qual_id`) REFERENCES `obj_prof_quals` (`id`) ON DELETE CASCADE ON UPDATE CASCADE;

--
-- Constraints for table `obj_students_schools`
--
ALTER TABLE `obj_students_schools`
  ADD CONSTRAINT `obj_students_schools_ibfk_1` FOREIGN KEY (`student_id`) REFERENCES `user_students` (`id`) ON DELETE CASCADE ON UPDATE CASCADE,
  ADD CONSTRAINT `obj_students_schools_ibfk_2` FOREIGN KEY (`school_id`) REFERENCES `obj_schools` (`id`) ON DELETE CASCADE ON UPDATE CASCADE;

--
-- Constraints for table `obj_students_skills`
--
ALTER TABLE `obj_students_skills`
  ADD CONSTRAINT `obj_students_skills_ibfk_1` FOREIGN KEY (`student_id`) REFERENCES `user_students` (`id`) ON DELETE CASCADE ON UPDATE CASCADE,
  ADD CONSTRAINT `obj_students_skills_ibfk_2` FOREIGN KEY (`skill_id`) REFERENCES `obj_skills` (`id`) ON DELETE CASCADE ON UPDATE CASCADE;

--
-- Constraints for table `user_company_users`
--
ALTER TABLE `user_company_users`
  ADD CONSTRAINT `user_company_users_ibfk_1` FOREIGN KEY (`company_id`) REFERENCES `obj_companies` (`id`) ON DELETE CASCADE ON UPDATE CASCADE;

--
-- Constraints for table `user_logins`
--
ALTER TABLE `user_logins`
  ADD CONSTRAINT `user_logins_ibfk_1` FOREIGN KEY (`object_type`) REFERENCES `object_types` (`id`) ON DELETE CASCADE ON UPDATE CASCADE;

--
-- Constraints for table `user_students`
--
ALTER TABLE `user_students`
  ADD CONSTRAINT `user_students_ibfk_2` FOREIGN KEY (`degree_program_id`) REFERENCES `obj_degree_programs` (`id`) ON DELETE CASCADE ON UPDATE CASCADE,
  ADD CONSTRAINT `user_students_ibfk_1` FOREIGN KEY (`login_id`) REFERENCES `user_logins` (`id`) ON DELETE CASCADE ON UPDATE CASCADE;

/*!40101 SET CHARACTER_SET_CLIENT=@OLD_CHARACTER_SET_CLIENT */;
/*!40101 SET CHARACTER_SET_RESULTS=@OLD_CHARACTER_SET_RESULTS */;
/*!40101 SET COLLATION_CONNECTION=@OLD_COLLATION_CONNECTION */;
